-- MySQL dump 10.15  Distrib 10.0.23-MariaDB, for Linux (x86_64)
--
-- Host: localhost    Database: pokemons
-- ------------------------------------------------------
-- Server version	10.0.23-MariaDB

/*!40101 SET @OLD_CHARACTER_SET_CLIENT=@@CHARACTER_SET_CLIENT */;
/*!40101 SET @OLD_CHARACTER_SET_RESULTS=@@CHARACTER_SET_RESULTS */;
/*!40101 SET @OLD_COLLATION_CONNECTION=@@COLLATION_CONNECTION */;
/*!40101 SET NAMES utf8 */;
/*!40103 SET @OLD_TIME_ZONE=@@TIME_ZONE */;
/*!40103 SET TIME_ZONE='+00:00' */;
/*!40014 SET @OLD_UNIQUE_CHECKS=@@UNIQUE_CHECKS, UNIQUE_CHECKS=0 */;
/*!40014 SET @OLD_FOREIGN_KEY_CHECKS=@@FOREIGN_KEY_CHECKS, FOREIGN_KEY_CHECKS=0 */;
/*!40101 SET @OLD_SQL_MODE=@@SQL_MODE, SQL_MODE='NO_AUTO_VALUE_ON_ZERO' */;
/*!40111 SET @OLD_SQL_NOTES=@@SQL_NOTES, SQL_NOTES=0 */;

--
-- Table structure for table `PODERS`
--

DROP TABLE IF EXISTS `PODERS`;
/*!40101 SET @saved_cs_client     = @@character_set_client */;
/*!40101 SET character_set_client = utf8 */;
CREATE TABLE `PODERS` (
  `PODER_ID` bigint(20) NOT NULL,
  `NOM` varchar(255) DEFAULT NULL,
  PRIMARY KEY (`PODER_ID`)
) ENGINE=InnoDB DEFAULT CHARSET=latin1;
/*!40101 SET character_set_client = @saved_cs_client */;

--
-- Dumping data for table `PODERS`
--

LOCK TABLES `PODERS` WRITE;
/*!40000 ALTER TABLE `PODERS` DISABLE KEYS */;
INSERT INTO `PODERS` VALUES (2,'Punts salut'),(7,'Atac'),(9,'Defensa'),(11,'Atac especial'),(13,'Defensa especial'),(15,'Energia especial');
/*!40000 ALTER TABLE `PODERS` ENABLE KEYS */;
UNLOCK TABLES;

--
-- Table structure for table `POKEMONS`
--

DROP TABLE IF EXISTS `POKEMONS`;
/*!40101 SET @saved_cs_client     = @@character_set_client */;
/*!40101 SET character_set_client = utf8 */;
CREATE TABLE `POKEMONS` (
  `POKEMON_ID` bigint(20) NOT NULL,
  `ALTURA` double DEFAULT NULL,
  `COLOR` varchar(255) DEFAULT NULL,
  `NOM` varchar(255) DEFAULT NULL,
  `NUMERO` double DEFAULT NULL,
  `PES` double DEFAULT NULL,
  PRIMARY KEY (`POKEMON_ID`)
) ENGINE=InnoDB DEFAULT CHARSET=latin1;
/*!40101 SET character_set_client = @saved_cs_client */;

--
-- Dumping data for table `POKEMONS`
--

LOCK TABLES `POKEMONS` WRITE;
/*!40000 ALTER TABLE `POKEMONS` DISABLE KEYS */;
INSERT INTO `POKEMONS` VALUES (3,0.7,'Green','Bulbasaur',1,6.9),(17,1,'Green','Ivysaur',2,13),(24,2,'Green','Venusaur',3,100),(31,2.4,'Green','Venusaur-Mega',3,155.5),(38,0.6,'Red','Charmander',4,8.5),(46,1.1,'Red','Charmeleon',5,19),(53,1.7,'Red','Charizard',6,90.5),(61,1.7,'Red','Charizard-Mega-X',6,110.5),(69,1.7,'Red','Charizard-Mega-Y',6,100.5),(76,0.5,'Blue','Squirtle',7,9),(84,1,'Blue','Wartortle',8,22.5),(91,1.6,'Blue','Blastoise',9,85.5),(98,1.6,'Blue','Blastoise-Mega',9,101.1),(105,0.3,'Green','Caterpie',10,2.9),(113,0.7,'Green','Metapod',11,9.9),(120,1.1,'White','Butterfree',12,32),(127,0.3,'Brown','Weedle',13,3.2),(134,0.6,'Yellow','Kakuna',14,10),(141,1,'Yellow','Beedrill',15,29.5),(148,1.4,'Yellow','Beedrill-Mega',15,40.5),(155,0.3,'Brown','Pidgey',16,1.8),(163,1.1,'Brown','Pidgeotto',17,30),(170,1.5,'Brown','Pidgeot',18,39.5),(177,2.2,'Brown','Pidgeot-Mega',18,50.5),(184,0.3,'Purple','Rattata',19,3.5),(191,0.7,'Brown','Raticate',20,18.5),(198,0.3,'Brown','Spearow',21,2),(205,1.2,'Brown','Fearow',22,38),(212,2,'Purple','Ekans',23,6.9),(219,3.5,'Purple','Arbok',24,65),(226,0.4,'Yellow','Pikachu',25,6),(234,0.4,'Yellow','Pikachu-Cosplay',25,6),(241,0.4,'Yellow','Pikachu-Rock-Star',25,6),(248,0.4,'Yellow','Pikachu-Belle',25,6),(255,0.4,'Yellow','Pikachu-Pop-Star',25,6),(262,0.4,'Yellow','Pikachu-PhD',25,6),(269,0.4,'Yellow','Pikachu-Libre',25,6),(276,0.8,'Yellow','Raichu',26,30),(283,0.6,'Yellow','Sandshrew',27,12),(291,1,'Yellow','Sandslash',28,29.5),(298,0.4,'Blue','Nidoran-F',29,7),(305,0.8,'Blue','Nidorina',30,20),(312,1.3,'Blue','Nidoqueen',31,60),(319,0.5,'Purple','Nidoran-M',32,9),(326,0.9,'Purple','Nidorino',33,19.5),(333,1.4,'Purple','Nidoking',34,62),(340,0.6,'Pink','Clefairy',35,7.5),(348,1.3,'Pink','Clefable',36,40),(355,0.6,'Brown','Vulpix',37,9.9),(362,1.1,'Yellow','Ninetales',38,19.9),(369,0.5,'Pink','Jigglypuff',39,5.5),(376,1,'Pink','Wigglytuff',40,12),(383,0.8,'Purple','Zubat',41,7.5),(390,1.6,'Purple','Golbat',42,55),(397,0.5,'Blue','Oddish',43,5.4),(404,0.8,'Blue','Gloom',44,8.6),(411,1.2,'Red','Vileplume',45,18.6),(418,0.3,'Red','Paras',46,5.4),(425,1,'Red','Parasect',47,29.5),(432,1,'Purple','Venonat',48,30),(439,1.5,'Purple','Venomoth',49,12.5),(446,0.2,'Brown','Diglett',50,0.8),(453,0.7,'Brown','Dugtrio',51,33.3),(460,0.4,'Yellow','Meowth',52,4.2),(467,1,'Yellow','Persian',53,32),(474,0.8,'Yellow','Psyduck',54,19.6),(481,1.7,'Blue','Golduck',55,76.6),(488,0.5,'Brown','Mankey',56,28),(496,1,'Brown','Primeape',57,32),(503,0.7,'Brown','Growlithe',58,19),(510,1.9,'Brown','Arcanine',59,155),(517,0.6,'Blue','Poliwag',60,12.4),(524,1,'Blue','Poliwhirl',61,20),(531,1.3,'Blue','Poliwrath',62,54),(538,0.9,'Brown','Abra',63,19.5),(546,1.3,'Brown','Kadabra',64,56.5),(553,1.5,'Brown','Alakazam',65,48),(560,1.2,'Brown','Alakazam-Mega',65,48),(567,0.8,'Gray','Machop',66,19.5),(574,1.5,'Gray','Machoke',67,70.5),(581,1.6,'Gray','Machamp',68,130),(588,0.7,'Green','Bellsprout',69,4),(595,1,'Green','Weepinbell',70,6.4),(602,1.7,'Green','Victreebel',71,15.5),(609,0.9,'Blue','Tentacool',72,45.5),(616,1.6,'Blue','Tentacruel',73,55),(623,0.4,'Brown','Geodude',74,20),(631,1,'Brown','Graveler',75,105),(638,1.4,'Brown','Golem',76,300),(645,1,'Yellow','Ponyta',77,30),(652,1.7,'Yellow','Rapidash',78,95),(659,1.2,'Pink','Slowpoke',79,36),(666,1.6,'Pink','Slowbro',80,78.5),(673,2,'Pink','Slowbro-Mega',80,120),(680,0.3,'Gray','Magnemite',81,6),(688,1,'Gray','Magneton',82,60),(695,0.8,'Brown','Farfetch\'d',83,15),(702,1.4,'Brown','Doduo',84,39.2),(709,1.8,'Brown','Dodrio',85,85.2),(716,1.1,'White','Seel',86,90),(723,1.7,'White','Dewgong',87,120),(731,0.9,'Purple','Grimer',88,30),(738,1.2,'Purple','Muk',89,30),(745,0.3,'Purple','Shellder',90,4),(752,1.5,'Purple','Cloyster',91,132.5),(759,1.3,'Purple','Gastly',92,0.1),(767,1.6,'Purple','Haunter',93,0.1),(774,1.5,'Purple','Gengar',94,40.5),(781,1.4,'Purple','Gengar-Mega',94,40.5),(788,8.8,'Gray','Onix',95,210),(795,1,'Yellow','Drowzee',96,32.4),(802,1.6,'Yellow','Hypno',97,75.6),(809,0.4,'Red','Krabby',98,6.5),(816,1.3,'Red','Kingler',99,60),(823,0.5,'Red','Voltorb',100,10.4),(830,1.2,'Red','Electrode',101,66.6),(837,0.4,'Pink','Exeggcute',102,2.5),(844,2,'Yellow','Exeggutor',103,120),(851,0.4,'Brown','Cubone',104,6.5),(858,1,'Brown','Marowak',105,45),(865,1.5,'Brown','Hitmonlee',106,49.8),(872,1.4,'Brown','Hitmonchan',107,50.2),(879,1.2,'Pink','Lickitung',108,65.5),(886,0.6,'Purple','Koffing',109,1),(893,1.2,'Purple','Weezing',110,9.5),(900,1,'Gray','Rhyhorn',111,115),(907,1.9,'Gray','Rhydon',112,120),(914,1.1,'Pink','Chansey',113,34.6),(921,1,'Blue','Tangela',114,35),(928,2.2,'Brown','Kangaskhan',115,80),(935,2.2,'Brown','Kangaskhan-Mega',115,100),(942,0.4,'Blue','Horsea',116,8),(949,1.2,'Blue','Seadra',117,25),(956,0.6,'Red','Goldeen',118,15),(963,1.3,'Red','Seaking',119,39),(970,0.8,'Brown','Staryu',120,34.5),(977,1.1,'Purple','Starmie',121,80),(984,1.3,'Pink','Mr. Mime',122,54.5),(991,1.5,'Green','Scyther',123,56),(998,1.4,'Red','Jynx',124,40.6),(1005,1.1,'Yellow','Electabuzz',125,30),(1012,1.3,'Red','Magmar',126,44.5),(1019,1.5,'Brown','Pinsir',127,55),(1026,1.7,'Brown','Pinsir-Mega',127,59),(1033,1.4,'Brown','Tauros',128,88.4),(1040,0.9,'Red','Magikarp',129,10),(1047,6.5,'Blue','Gyarados',130,235),(1054,6.5,'Blue','Gyarados-Mega',130,305),(1062,2.5,'Blue','Lapras',131,220),(1069,0.3,'Purple','Ditto',132,4),(1076,0.3,'Brown','Eevee',133,6.5),(1083,1,'Blue','Vaporeon',134,29),(1090,0.8,'Yellow','Jolteon',135,24.5),(1097,0.9,'Red','Flareon',136,25),(1104,0.8,'Pink','Porygon',137,36.5),(1111,0.4,'Blue','Omanyte',138,7.5),(1118,1,'Blue','Omastar',139,35),(1125,0.5,'Brown','Kabuto',140,11.5),(1132,1.3,'Brown','Kabutops',141,40.5),(1139,1.8,'Purple','Aerodactyl',142,59),(1146,2.1,'Purple','Aerodactyl-Mega',142,79),(1153,2.1,'Black','Snorlax',143,460),(1160,1.7,'Blue','Articuno',144,55.4),(1167,1.6,'Yellow','Zapdos',145,52.6),(1174,2,'Yellow','Moltres',146,60),(1181,1.8,'Blue','Dratini',147,3.3),(1188,4,'Blue','Dragonair',148,16.5),(1195,2.2,'Brown','Dragonite',149,210),(1202,2,'Purple','Mewtwo',150,122),(1209,2.3,'Purple','Mewtwo-Mega-X',150,127),(1216,1.5,'Purple','Mewtwo-Mega-Y',150,33),(1223,0.4,'Pink','Mew',151,4),(1230,0.9,'Green','Chikorita',152,6.4),(1237,1.2,'Green','Bayleef',153,15.8),(1244,1.8,'Green','Meganium',154,100.5),(1251,0.5,'Yellow','Cyndaquil',155,7.9),(1258,0.9,'Yellow','Quilava',156,19),(1265,1.7,'Yellow','Typhlosion',157,79.5),(1272,0.6,'Blue','Totodile',158,9.5),(1279,1.1,'Blue','Croconaw',159,25),(1286,2.3,'Blue','Feraligatr',160,88.8),(1293,0.8,'Brown','Sentret',161,6),(1300,1.8,'Brown','Furret',162,32.5),(1307,0.7,'Brown','Hoothoot',163,21.2),(1314,1.6,'Brown','Noctowl',164,40.8),(1321,1,'Red','Ledyba',165,10.8),(1328,1.4,'Red','Ledian',166,35.6),(1335,0.5,'Green','Spinarak',167,8.5),(1342,1.1,'Red','Ariados',168,33.5),(1349,1.8,'Purple','Crobat',169,75),(1356,0.5,'Blue','Chinchou',170,12),(1363,1.2,'Blue','Lanturn',171,22.5),(1370,0.3,'Yellow','Pichu',172,2),(1377,0.3,'Yellow','Pichu-Spiky-eared',172,2),(1384,0.3,'Pink','Cleffa',173,3),(1391,0.3,'Pink','Igglybuff',174,1),(1398,0.3,'White','Togepi',175,1.5),(1405,0.6,'White','Togetic',176,3.2),(1412,0.2,'Green','Natu',177,2),(1419,1.5,'Green','Xatu',178,15),(1426,0.6,'White','Mareep',179,7.8),(1433,0.8,'Pink','Flaaffy',180,13.3),(1440,1.4,'Yellow','Ampharos',181,61.5),(1447,1.4,'Yellow','Ampharos-Mega',181,61.5),(1454,0.4,'Green','Bellossom',182,5.8),(1461,0.4,'Blue','Marill',183,8.5),(1468,0.8,'Blue','Azumarill',184,28.5),(1475,1.2,'Brown','Sudowoodo',185,38),(1482,1.1,'Green','Politoed',186,33.9),(1489,0.4,'Pink','Hoppip',187,0.5),(1496,0.6,'Green','Skiploom',188,1),(1503,0.8,'Blue','Jumpluff',189,3),(1510,0.8,'Purple','Aipom',190,11.5),(1517,0.3,'Yellow','Sunkern',191,1.8),(1524,0.8,'Yellow','Sunflora',192,8.5),(1531,1.2,'Red','Yanma',193,38),(1538,0.4,'Blue','Wooper',194,8.5),(1545,1.4,'Blue','Quagsire',195,75),(1552,0.9,'Purple','Espeon',196,26.5),(1559,1,'Black','Umbreon',197,27),(1566,0.5,'Black','Murkrow',198,2.1),(1573,2,'Pink','Slowking',199,79.5),(1580,0.7,'Gray','Misdreavus',200,1),(1587,0.5,'Black','Unown',201,5),(1594,1.3,'Blue','Wobbuffet',202,28.5),(1601,1.5,'Yellow','Girafarig',203,41.5),(1608,0.6,'Gray','Pineco',204,7.2),(1615,1.2,'Purple','Forretress',205,125.8),(1622,1.5,'Yellow','Dunsparce',206,14),(1629,1.1,'Purple','Gligar',207,64.8),(1636,9.2,'Gray','Steelix',208,400),(1643,10.5,'Gray','Steelix-Mega',208,740),(1650,0.6,'Pink','Snubbull',209,7.8),(1657,1.4,'Purple','Granbull',210,48.7),(1664,0.5,'Gray','Qwilfish',211,3.9),(1671,1.8,'Red','Scizor',212,118),(1678,2,'Red','Scizor-Mega',212,125),(1685,0.6,'Yellow','Shuckle',213,20.5),(1692,1.5,'Blue','Heracross',214,54),(1699,1.7,'Blue','Heracross-Mega',214,62.5),(1706,0.9,'Black','Sneasel',215,28),(1713,0.6,'Brown','Teddiursa',216,8.8),(1720,1.8,'Brown','Ursaring',217,125.8),(1727,0.7,'Red','Slugma',218,35),(1734,0.8,'Red','Magcargo',219,55),(1741,0.4,'Brown','Swinub',220,6.5),(1748,1.1,'Brown','Piloswine',221,55.8),(1755,0.6,'Pink','Corsola',222,5),(1762,0.6,'Gray','Remoraid',223,12),(1769,0.9,'Red','Octillery',224,28.5),(1776,0.9,'Red','Delibird',225,16),(1783,2.1,'Purple','Mantine',226,220),(1790,1.7,'Gray','Skarmory',227,50.5),(1797,0.6,'Black','Houndour',228,10.8),(1804,1.4,'Black','Houndoom',229,35),(1811,1.9,'Black','Houndoom-Mega',229,49.5),(1818,1.8,'Blue','Kingdra',230,152),(1825,0.5,'Blue','Phanpy',231,33.5),(1832,1.1,'Gray','Donphan',232,120),(1839,0.6,'Red','Porygon2',233,32.5),(1846,1.4,'Brown','Stantler',234,71.2),(1853,1.2,'White','Smeargle',235,58),(1860,0.7,'Purple','Tyrogue',236,21),(1867,1.4,'Brown','Hitmontop',237,48),(1874,0.4,'Pink','Smoochum',238,6),(1881,0.6,'Yellow','Elekid',239,23.5),(1888,0.7,'Red','Magby',240,21.4),(1895,1.2,'Pink','Miltank',241,75.5),(1902,1.5,'Pink','Blissey',242,46.8),(1909,1.9,'Yellow','Raikou',243,178),(1916,2.1,'Brown','Entei',244,198),(1923,2,'Blue','Suicune',245,187),(1930,0.6,'Green','Larvitar',246,72),(1937,1.2,'Gray','Pupitar',247,152),(1944,2,'Green','Tyranitar',248,202),(1951,2.5,'Green','Tyranitar-Mega',248,255),(1958,5.2,'White','Lugia',249,216),(1965,3.8,'Red','Ho-Oh',250,199),(1972,0.6,'Green','Celebi',251,5),(1979,0.5,'Green','Treecko',252,5),(1986,0.9,'Green','Grovyle',253,21.6),(1993,1.7,'Green','Sceptile',254,52.2),(2000,1.9,'Green','Sceptile-Mega',254,55.2),(2007,0.4,'Red','Torchic',255,2.5),(2014,0.9,'Red','Combusken',256,19.5),(2021,1.9,'Red','Blaziken',257,52),(2028,1.9,'Red','Blaziken-Mega',257,52),(2035,0.4,'Blue','Mudkip',258,7.6),(2042,0.7,'Blue','Marshtomp',259,28),(2049,1.5,'Blue','Swampert',260,81.9),(2056,1.9,'Blue','Swampert-Mega',260,102),(2063,0.5,'Gray','Poochyena',261,13.6),(2070,1,'Gray','Mightyena',262,37),(2077,0.4,'Brown','Zigzagoon',263,17.5),(2084,0.5,'White','Linoone',264,32.5),(2091,0.3,'Red','Wurmple',265,3.6),(2098,0.6,'White','Silcoon',266,10),(2105,1,'Yellow','Beautifly',267,28.4),(2112,0.7,'Purple','Cascoon',268,11.5),(2119,1.2,'Green','Dustox',269,31.6),(2126,0.5,'Green','Lotad',270,2.6),(2133,1.2,'Green','Lombre',271,32.5),(2140,1.5,'Green','Ludicolo',272,55),(2147,0.5,'Brown','Seedot',273,4),(2154,1,'Brown','Nuzleaf',274,28),(2161,1.3,'Brown','Shiftry',275,59.6),(2168,0.3,'Blue','Taillow',276,2.3),(2175,0.7,'Blue','Swellow',277,19.8),(2182,0.6,'White','Wingull',278,9.5),(2189,1.2,'Yellow','Pelipper',279,28),(2196,0.4,'White','Ralts',280,6.6),(2203,0.8,'White','Kirlia',281,20.2),(2210,1.6,'White','Gardevoir',282,48.4),(2217,1.6,'White','Gardevoir-Mega',282,48.4),(2224,0.5,'Blue','Surskit',283,1.7),(2231,0.8,'Blue','Masquerain',284,3.6),(2238,0.4,'Brown','Shroomish',285,4.5),(2245,1.2,'Green','Breloom',286,39.2),(2252,0.8,'Brown','Slakoth',287,24),(2259,1.4,'White','Vigoroth',288,46.5),(2266,2,'Brown','Slaking',289,130.5),(2273,0.5,'Gray','Nincada',290,5.5),(2280,0.8,'Yellow','Ninjask',291,12),(2287,0.8,'Brown','Shedinja',292,1.2),(2294,0.6,'Pink','Whismur',293,16.3),(2301,1,'Blue','Loudred',294,40.5),(2308,1.5,'Blue','Exploud',295,84),(2315,1,'Yellow','Makuhita',296,86.4),(2322,2.3,'Brown','Hariyama',297,253.8),(2329,0.2,'Blue','Azurill',298,2),(2336,1,'Gray','Nosepass',299,97),(2343,0.6,'Pink','Skitty',300,11),(2350,1.1,'Purple','Delcatty',301,32.6),(2357,0.5,'Purple','Sableye',302,11),(2364,0.5,'Purple','Sableye-Mega',302,161),(2371,0.6,'Black','Mawile',303,11.5),(2378,1,'Black','Mawile-Mega',303,23.5),(2385,0.4,'Gray','Aron',304,60),(2392,0.9,'Gray','Lairon',305,120),(2399,2.1,'Gray','Aggron',306,360),(2406,2.2,'Gray','Aggron-Mega',306,395),(2413,0.6,'Blue','Meditite',307,11.2),(2420,1.3,'Red','Medicham',308,31.5),(2427,1.3,'Red','Medicham-Mega',308,31.5),(2434,0.6,'Green','Electrike',309,15.2),(2441,1.5,'Yellow','Manectric',310,40.2),(2448,1.8,'Yellow','Manectric-Mega',310,44),(2455,0.4,'Yellow','Plusle',311,4.2),(2462,0.4,'Yellow','Minun',312,4.2),(2469,0.7,'Gray','Volbeat',313,17.7),(2476,0.6,'Purple','Illumise',314,17.7),(2483,0.3,'Green','Roselia',315,2),(2490,0.4,'Green','Gulpin',316,10.3),(2497,1.7,'Purple','Swalot',317,80),(2504,0.8,'Red','Carvanha',318,20.8),(2511,1.8,'Blue','Sharpedo',319,88.8),(2518,2.5,'Blue','Sharpedo-Mega',319,130.3),(2525,2,'Blue','Wailmer',320,130),(2532,14.5,'Blue','Wailord',321,398),(2539,0.7,'Yellow','Numel',322,24),(2546,1.9,'Red','Camerupt',323,220),(2553,2.5,'Red','Camerupt-Mega',323,320.5),(2560,0.5,'Brown','Torkoal',324,80.4),(2567,0.7,'Black','Spoink',325,30.6),(2574,0.9,'Purple','Grumpig',326,71.5),(2581,1.1,'Brown','Spinda',327,5),(2588,0.7,'Brown','Trapinch',328,15),(2595,1.1,'Green','Vibrava',329,15.3),(2602,2,'Green','Flygon',330,82),(2609,0.4,'Green','Cacnea',331,51.3),(2616,1.3,'Green','Cacturne',332,77.4),(2623,0.4,'Blue','Swablu',333,1.2),(2630,1.1,'Blue','Altaria',334,20.6),(2637,1.5,'Blue','Altaria-Mega',334,20.6),(2644,1.3,'White','Zangoose',335,40.3),(2651,2.7,'Black','Seviper',336,52.5),(2658,1,'Yellow','Lunatone',337,168),(2665,1.2,'Red','Solrock',338,154),(2672,0.4,'Gray','Barboach',339,1.9),(2679,0.9,'Blue','Whiscash',340,23.6),(2686,0.6,'Red','Corphish',341,11.5),(2693,1.1,'Red','Crawdaunt',342,32.8),(2700,0.5,'Brown','Baltoy',343,21.5),(2707,1.5,'Black','Claydol',344,108),(2714,1,'Purple','Lileep',345,23.8),(2721,1.5,'Green','Cradily',346,60.4),(2728,0.7,'Gray','Anorith',347,12.5),(2735,1.5,'Gray','Armaldo',348,68.2),(2742,0.6,'Brown','Feebas',349,7.4),(2749,6.2,'Pink','Milotic',350,162),(2756,0.3,'White','Castform',351,0.8),(2763,0.3,'White','Castform-Sunny',351,0.8),(2770,0.3,'White','Castform-Rainy',351,0.8),(2777,0.3,'White','Castform-Snowy',351,0.8),(2784,1,'Green','Kecleon',352,22),(2791,0.6,'Black','Shuppet',353,2.3),(2798,1.1,'Black','Banette',354,12.5),(2805,1.2,'Black','Banette-Mega',354,13),(2812,0.8,'Black','Duskull',355,15),(2819,1.6,'Black','Dusclops',356,30.6),(2826,2,'Green','Tropius',357,100),(2833,0.6,'Blue','Chimecho',358,1),(2840,1.2,'White','Absol',359,47),(2847,1.2,'White','Absol-Mega',359,49),(2854,0.6,'Blue','Wynaut',360,14),(2861,0.7,'Gray','Snorunt',361,16.8),(2868,1.5,'Gray','Glalie',362,256.5),(2875,2.1,'Gray','Glalie-Mega',362,350.2),(2882,0.8,'Blue','Spheal',363,39.5),(2889,1.1,'Blue','Sealeo',364,87.6),(2896,1.4,'Blue','Walrein',365,150.6),(2903,0.4,'Blue','Clamperl',366,52.5),(2910,1.7,'Blue','Huntail',367,27),(2917,1.8,'Pink','Gorebyss',368,22.6),(2924,1,'Gray','Relicanth',369,23.4),(2931,0.6,'Pink','Luvdisc',370,8.7),(2938,0.6,'Blue','Bagon',371,42.1),(2945,1.1,'White','Shelgon',372,110.5),(2952,1.5,'Blue','Salamence',373,102.6),(2959,1.8,'Blue','Salamence-Mega',373,112.6),(2966,0.6,'Blue','Beldum',374,95.2),(2973,1.2,'Blue','Metang',375,202.5),(2980,1.6,'Blue','Metagross',376,550),(2987,2.5,'Blue','Metagross-Mega',376,942.9),(2994,1.7,'Brown','Regirock',377,230),(3001,1.8,'Blue','Regice',378,175),(3008,1.9,'Gray','Registeel',379,205),(3015,1.4,'Red','Latias',380,40),(3022,1.8,'Red','Latias-Mega',380,52),(3029,2,'Blue','Latios',381,60),(3036,2.3,'Blue','Latios-Mega',381,70),(3043,4.5,'Blue','Kyogre',382,352),(3050,9.8,'Blue','Kyogre-Primal',382,430),(3057,3.5,'Red','Groudon',383,950),(3064,5,'Red','Groudon-Primal',383,999.7),(3071,7,'Green','Rayquaza',384,206.5),(3078,10.8,'Green','Rayquaza-Mega',384,392),(3085,0.3,'Yellow','Jirachi',385,1.1),(3092,1.7,'Red','Deoxys',386,60.8),(3099,1.7,'Red','Deoxys-Attack',386,60.8),(3106,1.7,'Red','Deoxys-Defense',386,60.8),(3113,1.7,'Red','Deoxys-Speed',386,60.8),(3120,0.4,'Green','Turtwig',387,10.2),(3127,1.1,'Green','Grotle',388,97),(3134,2.2,'Green','Torterra',389,310),(3141,0.5,'Brown','Chimchar',390,6.2),(3148,0.9,'Brown','Monferno',391,22),(3155,1.2,'Brown','Infernape',392,55),(3162,0.4,'Blue','Piplup',393,5.2),(3169,0.8,'Blue','Prinplup',394,23),(3176,1.7,'Blue','Empoleon',395,84.5),(3183,0.3,'Brown','Starly',396,2),(3190,0.6,'Brown','Staravia',397,15.5),(3197,1.2,'Brown','Staraptor',398,24.9),(3204,0.5,'Brown','Bidoof',399,20),(3211,1,'Brown','Bibarel',400,31.5),(3218,0.3,'Red','Kricketot',401,2.2),(3225,1,'Red','Kricketune',402,25.5),(3232,0.5,'Blue','Shinx',403,9.5),(3239,0.9,'Blue','Luxio',404,30.5),(3246,1.4,'Blue','Luxray',405,42),(3253,0.2,'Green','Budew',406,1.2),(3260,0.9,'Green','Roserade',407,14.5),(3267,0.9,'Blue','Cranidos',408,31.5),(3274,1.6,'Blue','Rampardos',409,102.5),(3281,0.5,'Gray','Shieldon',410,57),(3288,1.3,'Gray','Bastiodon',411,149.5),(3295,0.2,'Gray','Burmy',412,3.4),(3302,0.5,'Gray','Wormadam',413,6.5),(3309,0.5,'Gray','Wormadam-Sandy',413,6.5),(3316,0.5,'Gray','Wormadam-Trash',413,6.5),(3323,0.9,'Yellow','Mothim',414,23.3),(3330,0.3,'Yellow','Combee',415,5.5),(3337,1.2,'Yellow','Vespiquen',416,38.5),(3344,0.4,'White','Pachirisu',417,3.9),(3351,0.7,'Brown','Buizel',418,29.5),(3358,1.1,'Brown','Floatzel',419,33.5),(3365,0.4,'Pink','Cherubi',420,3.3),(3372,0.5,'Pink','Cherrim',421,9.3),(3379,0.5,'Pink','Cherrim-Sunshine',421,9.3),(3386,0.3,'Purple','Shellos',422,6.3),(3393,0.9,'Purple','Gastrodon',423,29.9),(3400,1.2,'Purple','Ambipom',424,20.3),(3407,0.4,'Purple','Drifloon',425,1.2),(3414,1.2,'Purple','Drifblim',426,15),(3421,0.4,'Brown','Buneary',427,5.5),(3428,1.2,'Brown','Lopunny',428,33.3),(3435,1.3,'Brown','Lopunny-Mega',428,28.3),(3442,0.9,'Purple','Mismagius',429,4.4),(3449,0.9,'Black','Honchkrow',430,27.3),(3456,0.5,'Gray','Glameow',431,3.9),(3463,1,'Gray','Purugly',432,43.8),(3470,0.2,'Yellow','Chingling',433,0.6),(3477,0.4,'Purple','Stunky',434,19.2),(3484,1,'Purple','Skuntank',435,38),(3491,0.5,'Green','Bronzor',436,60.5),(3498,1.3,'Green','Bronzong',437,187),(3505,0.5,'Brown','Bonsly',438,15),(3512,0.6,'Pink','Mime Jr.',439,13),(3519,0.6,'Pink','Happiny',440,24.4),(3526,0.5,'Black','Chatot',441,1.9),(3533,1,'Purple','Spiritomb',442,108),(3540,0.7,'Blue','Gible',443,20.5),(3547,1.4,'Blue','Gabite',444,56),(3554,1.9,'Blue','Garchomp',445,95),(3561,1.9,'Blue','Garchomp-Mega',445,95),(3568,0.6,'Black','Munchlax',446,105),(3575,0.7,'Blue','Riolu',447,20.2),(3582,1.2,'Blue','Lucario',448,54),(3589,1.3,'Blue','Lucario-Mega',448,57.5),(3596,0.8,'Brown','Hippopotas',449,49.5),(3603,2,'Brown','Hippowdon',450,300),(3610,0.8,'Purple','Skorupi',451,12),(3617,1.3,'Purple','Drapion',452,61.5),(3624,0.7,'Blue','Croagunk',453,23),(3631,1.3,'Blue','Toxicroak',454,44.4),(3638,1.4,'Green','Carnivine',455,27),(3645,0.4,'Blue','Finneon',456,7),(3652,1.2,'Blue','Lumineon',457,24),(3659,1,'Blue','Mantyke',458,65),(3666,1,'White','Snover',459,50.5),(3673,2.2,'White','Abomasnow',460,135.5),(3680,2.7,'White','Abomasnow-Mega',460,185),(3687,1.1,'Black','Weavile',461,34),(3694,1.2,'Gray','Magnezone',462,180),(3701,1.7,'Pink','Lickilicky',463,140),(3708,2.4,'Gray','Rhyperior',464,282.8),(3715,2,'Blue','Tangrowth',465,128.6),(3722,1.8,'Yellow','Electivire',466,138.6),(3729,1.6,'Red','Magmortar',467,68),(3736,1.5,'White','Togekiss',468,38),(3743,1.9,'Green','Yanmega',469,51.5),(3750,1,'Green','Leafeon',470,25.5),(3757,0.8,'Blue','Glaceon',471,25.9),(3764,2,'Purple','Gliscor',472,42.5),(3771,2.5,'Brown','Mamoswine',473,291),(3778,0.9,'Red','Porygon-Z',474,34),(3785,1.6,'White','Gallade',475,52),(3792,1.6,'White','Gallade-Mega',475,56.4),(3799,1.4,'Gray','Probopass',476,340),(3806,2.2,'Black','Dusknoir',477,106.6),(3813,1.3,'White','Froslass',478,26.6),(3820,0.3,'Red','Rotom',479,0.3),(3827,0.3,'Red','Rotom-Heat',479,0.3),(3834,0.3,'Red','Rotom-Wash',479,0.3),(3841,0.3,'Red','Rotom-Frost',479,0.3),(3848,0.3,'Red','Rotom-Fan',479,0.3),(3855,0.3,'Red','Rotom-Mow',479,0.3),(3862,0.3,'Yellow','Uxie',480,0.3),(3869,0.3,'Pink','Mesprit',481,0.3),(3876,0.3,'Blue','Azelf',482,0.3),(3883,5.4,'White','Dialga',483,683),(3890,4.2,'Purple','Palkia',484,336),(3897,1.7,'Brown','Heatran',485,430),(3904,3.7,'White','Regigigas',486,420),(3911,4.5,'Black','Giratina',487,750),(3918,6.9,'Black','Giratina-Origin',487,650),(3925,1.5,'Yellow','Cresselia',488,85.6),(3932,0.4,'Blue','Phione',489,3.1),(3939,0.3,'Blue','Manaphy',490,1.4),(3946,1.5,'Black','Darkrai',491,50.5),(3953,0.2,'Green','Shaymin',492,2.1),(3960,0.4,'Green','Shaymin-Sky',492,5.2),(3967,3.2,'Gray','Arceus',493,320),(3974,3.2,'Gray','Arceus-Bug',493,320),(3981,3.2,'Gray','Arceus-Dark',493,320),(3988,3.2,'Gray','Arceus-Dragon',493,320),(3995,3.2,'Gray','Arceus-Electric',493,320),(4002,3.2,'Gray','Arceus-Fairy',493,320),(4009,3.2,'Gray','Arceus-Fighting',493,320),(4016,3.2,'Gray','Arceus-Fire',493,320),(4023,3.2,'Gray','Arceus-Flying',493,320),(4030,3.2,'Gray','Arceus-Ghost',493,320),(4037,3.2,'Gray','Arceus-Grass',493,320),(4044,3.2,'Gray','Arceus-Ground',493,320),(4051,3.2,'Gray','Arceus-Ice',493,320),(4058,3.2,'Gray','Arceus-Poison',493,320),(4065,3.2,'Gray','Arceus-Psychic',493,320),(4072,3.2,'Gray','Arceus-Rock',493,320),(4079,3.2,'Gray','Arceus-Steel',493,320),(4086,3.2,'Gray','Arceus-Water',493,320),(4093,0.4,'Yellow','Victini',494,4),(4100,0.6,'Green','Snivy',495,8.1),(4107,0.8,'Green','Servine',496,16),(4114,3.3,'Green','Serperior',497,63),(4121,0.5,'Red','Tepig',498,9.9),(4128,1,'Red','Pignite',499,55.5),(4135,1.6,'Red','Emboar',500,150),(4142,0.5,'Blue','Oshawott',501,5.9),(4149,0.8,'Blue','Dewott',502,24.5),(4156,1.5,'Blue','Samurott',503,94.6),(4163,0.5,'Brown','Patrat',504,11.6),(4170,1.1,'Brown','Watchog',505,27),(4177,0.4,'Brown','Lillipup',506,4.1),(4184,0.9,'Gray','Herdier',507,14.7),(4191,1.2,'Gray','Stoutland',508,61),(4198,0.4,'Purple','Purrloin',509,10.1),(4205,1.1,'Purple','Liepard',510,37.5),(4212,0.6,'Green','Pansage',511,10.5),(4219,1.1,'Green','Simisage',512,30.5),(4226,0.6,'Red','Pansear',513,11),(4233,1,'Red','Simisear',514,28),(4240,0.6,'Blue','Panpour',515,13.5),(4247,1,'Blue','Simipour',516,29),(4254,0.6,'Pink','Munna',517,23.3),(4261,1.1,'Pink','Musharna',518,60.5),(4268,0.3,'Gray','Pidove',519,2.1),(4275,0.6,'Gray','Tranquill',520,15),(4282,1.2,'Gray','Unfezant',521,29),(4289,0.8,'Black','Blitzle',522,29.8),(4296,1.6,'Black','Zebstrika',523,79.5),(4303,0.4,'Blue','Roggenrola',524,18),(4310,0.9,'Blue','Boldore',525,102),(4317,1.7,'Blue','Gigalith',526,260),(4324,0.4,'Blue','Woobat',527,2.1),(4331,0.9,'Blue','Swoobat',528,10.5),(4338,0.3,'Gray','Drilbur',529,8.5),(4345,0.7,'Gray','Excadrill',530,40.4),(4352,1.1,'Pink','Audino',531,31),(4359,1.5,'Pink','Audino-Mega',531,32),(4366,0.6,'Gray','Timburr',532,12.5),(4373,1.2,'Gray','Gurdurr',533,40),(4380,1.4,'Brown','Conkeldurr',534,87),(4387,0.5,'Blue','Tympole',535,4.5),(4394,0.8,'Blue','Palpitoad',536,17),(4401,1.5,'Blue','Seismitoad',537,62),(4408,1.3,'Red','Throh',538,55.5),(4415,1.4,'Blue','Sawk',539,51),(4422,0.3,'Yellow','Sewaddle',540,2.5),(4429,0.5,'Green','Swadloon',541,7.3),(4436,1.2,'Yellow','Leavanny',542,20.5),(4443,0.4,'Red','Venipede',543,5.3),(4450,1.2,'Gray','Whirlipede',544,58.5),(4457,2.5,'Red','Scolipede',545,200.5),(4464,0.3,'Green','Cottonee',546,0.6),(4471,0.7,'Green','Whimsicott',547,6.6),(4478,0.5,'Green','Petilil',548,6.6),(4485,1.1,'Green','Lilligant',549,16.3),(4492,1,'Green','Basculin',550,18),(4499,1,'Green','Basculin-Blue-Striped',550,18),(4506,0.7,'Brown','Sandile',551,15.2),(4513,1,'Brown','Krokorok',552,33.4),(4520,1.5,'Red','Krookodile',553,96.3),(4527,0.6,'Red','Darumaka',554,37.5),(4534,1.3,'Red','Darmanitan',555,92.9),(4541,1.3,'Red','Darmanitan-Zen',555,92.9),(4548,1,'Green','Maractus',556,28),(4555,0.3,'Red','Dwebble',557,14.5),(4562,1.4,'Red','Crustle',558,200),(4569,0.6,'Yellow','Scraggy',559,11.8),(4576,1.1,'Red','Scrafty',560,30),(4583,1.4,'Black','Sigilyph',561,14),(4590,0.5,'Black','Yamask',562,1.5),(4597,1.7,'Yellow','Cofagrigus',563,76.5),(4604,0.7,'Blue','Tirtouga',564,16.5),(4611,1.2,'Blue','Carracosta',565,81),(4618,0.5,'Yellow','Archen',566,9.5),(4625,1.4,'Yellow','Archeops',567,32),(4632,0.6,'Green','Trubbish',568,31),(4639,1.9,'Green','Garbodor',569,107.3),(4646,0.7,'Gray','Zorua',570,12.5),(4653,1.6,'Gray','Zoroark',571,81.1),(4660,0.4,'Gray','Minccino',572,5.8),(4667,0.5,'Gray','Cinccino',573,7.5),(4674,0.4,'Purple','Gothita',574,5.8),(4681,0.7,'Purple','Gothorita',575,18),(4688,1.5,'Purple','Gothitelle',576,44),(4695,0.3,'Green','Solosis',577,1),(4702,0.6,'Green','Duosion',578,8),(4709,1,'Green','Reuniclus',579,20.1),(4716,0.5,'Blue','Ducklett',580,5.5),(4723,1.3,'White','Swanna',581,24.2),(4730,0.4,'White','Vanillite',582,5.7),(4737,1.1,'White','Vanillish',583,41),(4744,1.3,'White','Vanilluxe',584,57.5),(4751,0.6,'Yellow','Deerling',585,19.5),(4758,1.9,'Brown','Sawsbuck',586,92.5),(4765,0.4,'White','Emolga',587,5),(4772,0.5,'Blue','Karrablast',588,5.9),(4779,1,'Gray','Escavalier',589,33),(4786,0.2,'White','Foongus',590,1),(4793,0.6,'White','Amoonguss',591,10.5),(4800,1.2,'White','Frillish',592,33),(4807,2.2,'White','Jellicent',593,135),(4814,1.2,'Pink','Alomomola',594,31.6),(4821,0.1,'Yellow','Joltik',595,0.6),(4828,0.8,'Yellow','Galvantula',596,14.3),(4835,0.6,'Gray','Ferroseed',597,18.8),(4842,1,'Gray','Ferrothorn',598,110),(4849,0.3,'Gray','Klink',599,21),(4856,0.6,'Gray','Klang',600,51),(4863,0.6,'Gray','Klinklang',601,81),(4870,0.2,'White','Tynamo',602,0.3),(4877,1.2,'Blue','Eelektrik',603,22),(4884,2.1,'Blue','Eelektross',604,80.5),(4891,0.5,'Blue','Elgyem',605,9),(4898,1,'Brown','Beheeyem',606,34.5),(4905,0.3,'White','Litwick',607,3.1),(4912,0.6,'Black','Lampent',608,13),(4919,1,'Black','Chandelure',609,34.3),(4926,0.6,'Green','Axew',610,18),(4933,1,'Green','Fraxure',611,36),(4940,1.8,'Yellow','Haxorus',612,105.5),(4947,0.5,'White','Cubchoo',613,8.5),(4954,2.6,'White','Beartic',614,260),(4961,1.1,'Blue','Cryogonal',615,148),(4968,0.4,'Red','Shelmet',616,7.7),(4975,0.8,'Red','Accelgor',617,25.3),(4982,0.7,'Brown','Stunfisk',618,11),(4989,0.9,'Yellow','Mienfoo',619,20),(4996,1.4,'Purple','Mienshao',620,35.5),(5003,1.6,'Red','Druddigon',621,139),(5010,1,'Green','Golett',622,92),(5017,2.8,'Green','Golurk',623,330),(5024,0.5,'Red','Pawniard',624,10.2),(5031,1.6,'Red','Bisharp',625,70),(5038,1.6,'Brown','Bouffalant',626,94.6),(5045,0.5,'White','Rufflet',627,10.5),(5052,1.5,'Red','Braviary',628,41),(5059,0.5,'Brown','Vullaby',629,9),(5066,1.2,'Brown','Mandibuzz',630,39.5),(5073,1.4,'Red','Heatmor',631,58),(5080,0.3,'Gray','Durant',632,33),(5087,0.8,'Blue','Deino',633,17.3),(5094,1.4,'Blue','Zweilous',634,50),(5101,1.8,'Blue','Hydreigon',635,160),(5108,1.1,'White','Larvesta',636,28.8),(5115,1.6,'White','Volcarona',637,46),(5122,2.1,'Blue','Cobalion',638,250),(5129,1.9,'Gray','Terrakion',639,260),(5136,2,'Green','Virizion',640,200),(5143,1.5,'Green','Tornadus',641,63),(5150,1.4,'Green','Tornadus-Therian',641,63),(5157,1.5,'Blue','Thundurus',642,61),(5164,3,'Blue','Thundurus-Therian',642,61),(5171,3.2,'White','Reshiram',643,330),(5178,2.9,'Black','Zekrom',644,345),(5185,1.5,'Brown','Landorus',645,68),(5192,1.3,'Brown','Landorus-Therian',645,68),(5199,3,'Gray','Kyurem',646,325),(5206,3.3,'Gray','Kyurem-Black',646,325),(5213,3.6,'Gray','Kyurem-White',646,325),(5220,1.4,'Yellow','Keldeo',647,48.5),(5227,1.4,'Yellow','Keldeo-Resolute',647,48.5),(5234,0.6,'White','Meloetta',648,6.5),(5241,0.6,'White','Meloetta-Pirouette',648,6.5),(5248,1.5,'Purple','Genesect',649,82.5),(5255,1.5,'Purple','Genesect-Douse',649,82.5),(5262,1.5,'Purple','Genesect-Shock',649,82.5),(5269,1.5,'Purple','Genesect-Burn',649,82.5),(5276,1.5,'Purple','Genesect-Chill',649,82.5),(5283,0.4,'Green','Chespin',650,9),(5290,0.7,'Green','Quilladin',651,29),(5297,1.6,'Green','Chesnaught',652,90),(5304,0.4,'Red','Fennekin',653,9.4),(5311,1,'Red','Braixen',654,14.5),(5318,1.5,'Red','Delphox',655,39),(5325,0.3,'Blue','Froakie',656,7),(5332,0.6,'Blue','Frogadier',657,10.9),(5339,1.5,'Blue','Greninja',658,40),(5346,0.4,'Brown','Bunnelby',659,5),(5353,1,'Brown','Diggersby',660,42.4),(5360,0.3,'Red','Fletchling',661,1.7),(5367,0.7,'Red','Fletchinder',662,16),(5374,1.2,'Red','Talonflame',663,24.5),(5381,0.3,'Black','Scatterbug',664,2.5),(5388,0.3,'Black','Spewpa',665,8.4),(5395,1.2,'Black','Vivillon',666,17),(5402,0.6,'Brown','Litleo',667,13.5),(5409,1.5,'Brown','Pyroar',668,81.5),(5416,0.1,'White','Flabebe',669,0.1),(5423,0.2,'White','Floette',670,0.9),(5430,0.2,'White','Floette-Eternal',670,0.9),(5437,1.1,'White','Florges',671,10),(5444,0.9,'Brown','Skiddo',672,31),(5451,1.7,'Brown','Gogoat',673,91),(5458,0.6,'White','Pancham',674,8),(5465,2.1,'White','Pangoro',675,136),(5472,1.2,'White','Furfrou',676,28),(5479,0.3,'Gray','Espurr',677,3.5),(5486,0.6,'White','Meowstic',678,8.5),(5493,0.6,'White','Meowstic-F',678,8.5),(5500,0.8,'Brown','Honedge',679,2),(5507,0.8,'Brown','Doublade',680,4.5),(5514,1.7,'Brown','Aegislash',681,53),(5521,1.7,'Brown','Aegislash-Blade',681,53),(5528,0.2,'Pink','Spritzee',682,0.5),(5535,0.8,'Pink','Aromatisse',683,15.5),(5542,0.4,'White','Swirlix',684,3.5),(5549,0.8,'White','Slurpuff',685,5),(5556,0.4,'Blue','Inkay',686,3.5),(5563,1.5,'Blue','Malamar',687,47),(5570,0.5,'Brown','Binacle',688,31),(5577,1.3,'Brown','Barbaracle',689,96),(5584,0.5,'Brown','Skrelp',690,7.3),(5591,1.8,'Brown','Dragalge',691,81.5),(5598,0.5,'Blue','Clauncher',692,8.3),(5605,1.3,'Blue','Clawitzer',693,35.3),(5612,0.5,'Yellow','Helioptile',694,6),(5619,1,'Yellow','Heliolisk',695,21),(5626,0.8,'Brown','Tyrunt',696,26),(5633,2.5,'Red','Tyrantrum',697,270),(5640,1.3,'Blue','Amaura',698,25.2),(5647,2.7,'Blue','Aurorus',699,225),(5654,1,'Pink','Sylveon',700,23.5),(5661,0.8,'Green','Hawlucha',701,21.5),(5668,0.2,'Yellow','Dedenne',702,2.2),(5675,0.3,'Gray','Carbink',703,5.7),(5682,0.3,'Purple','Goomy',704,2.8),(5689,0.8,'Purple','Sliggoo',705,17.5),(5696,2,'Purple','Goodra',706,150.5),(5703,0.2,'Gray','Klefki',707,3),(5710,0.4,'Brown','Phantump',708,7),(5717,1.5,'Brown','Trevenant',709,71),(5724,0.4,'Brown','Pumpkaboo',710,5),(5731,0.3,'Brown','Pumpkaboo-Small',710,3.5),(5738,0.5,'Brown','Pumpkaboo-Large',710,7.5),(5745,0.8,'Brown','Pumpkaboo-Super',710,15),(5752,0.9,'Brown','Gourgeist',711,12.5),(5759,0.7,'Brown','Gourgeist-Small',711,9.5),(5766,1.1,'Brown','Gourgeist-Large',711,14),(5773,1.7,'Brown','Gourgeist-Super',711,39),(5780,1,'Blue','Bergmite',712,99.5),(5787,2,'Blue','Avalugg',713,505),(5794,0.5,'Purple','Noibat',714,8),(5801,1.5,'Purple','Noivern',715,85),(5808,3,'Blue','Xerneas',716,215),(5815,5.8,'Red','Yveltal',717,203),(5822,5,'Green','Zygarde',718,305),(5829,0.7,'Pink','Diancie',719,8.8),(5836,1.1,'Pink','Diancie-Mega',719,27.8),(5843,0.5,'Purple','Hoopa',720,9),(5850,6.5,'Purple','Hoopa-Unbound',720,490),(5857,1.7,'Brown','Volcanion',721,195),(5864,3,'Gray','Missingno.',0,1590.8),(5872,1.27,'Red','Tomohawk',-1,37.2),(5879,1.65,'Black','Necturna',-2,49.6),(5886,1.2,'Pink','Mollux',-3,41),(5893,2.1,'Purple','Aurumoth',-4,193),(5900,5.5,'Brown','Malaconda',-5,108.8),(5907,1.7,'Black','Cawmodore',-6,37),(5914,1.3,'Red','Volkraken',-7,44.5),(5921,7,'Purple','Plasmanta',-8,460),(5928,3,'Gray','Naviathan',-9,510),(5935,1.3,'Purple','Crucibelle',-10,23.6),(5942,1.4,'Purple','Crucibelle-Mega',-10,22.5),(5949,1.7,'Blue','Syclant',-51,52),(5956,1.8,'White','Revenankh',-52,44),(5963,2.1,'Brown','Pyroak',-53,168),(5970,0.9,'Purple','Fidgit',-54,53),(5977,0.9,'Gray','Stratagem',-55,45),(5984,1.7,'Green','Arghonaut',-56,151),(5991,1.1,'Gray','Kitsunoh',-57,51),(5998,1.6,'Yellow','Cyclohm',-58,59),(6005,2.6,'Brown','Colossoil',-59,683.6),(6012,0.7,'Red','Krilowatt',-60,10.6),(6019,2,'Brown','Voodoom',-61,75.5);
/*!40000 ALTER TABLE `POKEMONS` ENABLE KEYS */;
UNLOCK TABLES;

--
-- Table structure for table `POKEMON_PODER`
--

DROP TABLE IF EXISTS `POKEMON_PODER`;
/*!40101 SET @saved_cs_client     = @@character_set_client */;
/*!40101 SET character_set_client = utf8 */;
CREATE TABLE `POKEMON_PODER` (
  `POKEMON_PODER_ID` bigint(20) NOT NULL,
  `VALOR` double DEFAULT NULL,
  `PODER_ID` bigint(20) DEFAULT NULL,
  `POKEMON_ID` bigint(20) DEFAULT NULL,
  PRIMARY KEY (`POKEMON_PODER_ID`),
  KEY `FK_POKEMON_PODER_POKEMON_ID` (`POKEMON_ID`),
  KEY `FK_POKEMON_PODER_PODER_ID` (`PODER_ID`),
  CONSTRAINT `FK_POKEMON_PODER_PODER_ID` FOREIGN KEY (`PODER_ID`) REFERENCES `PODERS` (`PODER_ID`),
  CONSTRAINT `FK_POKEMON_PODER_POKEMON_ID` FOREIGN KEY (`POKEMON_ID`) REFERENCES `POKEMONS` (`POKEMON_ID`)
) ENGINE=InnoDB DEFAULT CHARSET=latin1;
/*!40101 SET character_set_client = @saved_cs_client */;

--
-- Dumping data for table `POKEMON_PODER`
--

LOCK TABLES `POKEMON_PODER` WRITE;
/*!40000 ALTER TABLE `POKEMON_PODER` DISABLE KEYS */;
INSERT INTO `POKEMON_PODER` VALUES (1,45,2,3),(6,49,7,3),(8,49,9,3),(10,65,11,3),(12,65,13,3),(14,45,15,3),(16,60,2,17),(18,62,7,17),(19,63,9,17),(20,80,11,17),(21,80,13,17),(22,60,15,17),(23,80,2,24),(25,82,7,24),(26,83,9,24),(27,100,11,24),(28,100,13,24),(29,80,15,24),(30,80,2,31),(32,100,7,31),(33,123,9,31),(34,122,11,31),(35,120,13,31),(36,80,15,31),(37,39,2,38),(40,52,7,38),(41,43,9,38),(42,60,11,38),(43,50,13,38),(44,65,15,38),(45,58,2,46),(47,64,7,46),(48,58,9,46),(49,80,11,46),(50,65,13,46),(51,80,15,46),(52,78,2,53),(55,84,7,53),(56,78,9,53),(57,109,11,53),(58,85,13,53),(59,100,15,53),(60,78,2,61),(63,130,7,61),(64,111,9,61),(65,130,11,61),(66,85,13,61),(67,100,15,61),(68,78,2,69),(70,104,7,69),(71,78,9,69),(72,159,11,69),(73,115,13,69),(74,100,15,69),(75,44,2,76),(78,48,7,76),(79,65,9,76),(80,50,11,76),(81,64,13,76),(82,43,15,76),(83,59,2,84),(85,63,7,84),(86,80,9,84),(87,65,11,84),(88,80,13,84),(89,58,15,84),(90,79,2,91),(92,83,7,91),(93,100,9,91),(94,85,11,91),(95,105,13,91),(96,78,15,91),(97,79,2,98),(99,103,7,98),(100,120,9,98),(101,135,11,98),(102,115,13,98),(103,78,15,98),(104,45,2,105),(107,30,7,105),(108,35,9,105),(109,20,11,105),(110,20,13,105),(111,45,15,105),(112,50,2,113),(114,20,7,113),(115,55,9,113),(116,25,11,113),(117,25,13,113),(118,30,15,113),(119,60,2,120),(121,45,7,120),(122,50,9,120),(123,90,11,120),(124,80,13,120),(125,70,15,120),(126,40,2,127),(128,35,7,127),(129,30,9,127),(130,20,11,127),(131,20,13,127),(132,50,15,127),(133,45,2,134),(135,25,7,134),(136,50,9,134),(137,25,11,134),(138,25,13,134),(139,35,15,134),(140,65,2,141),(142,90,7,141),(143,40,9,141),(144,45,11,141),(145,80,13,141),(146,75,15,141),(147,65,2,148),(149,150,7,148),(150,40,9,148),(151,15,11,148),(152,80,13,148),(153,145,15,148),(154,40,2,155),(157,45,7,155),(158,40,9,155),(159,35,11,155),(160,35,13,155),(161,56,15,155),(162,63,2,163),(164,60,7,163),(165,55,9,163),(166,50,11,163),(167,50,13,163),(168,71,15,163),(169,83,2,170),(171,80,7,170),(172,75,9,170),(173,70,11,170),(174,70,13,170),(175,101,15,170),(176,83,2,177),(178,80,7,177),(179,80,9,177),(180,135,11,177),(181,80,13,177),(182,121,15,177),(183,30,2,184),(185,56,7,184),(186,35,9,184),(187,25,11,184),(188,35,13,184),(189,72,15,184),(190,55,2,191),(192,81,7,191),(193,60,9,191),(194,50,11,191),(195,70,13,191),(196,97,15,191),(197,40,2,198),(199,60,7,198),(200,30,9,198),(201,31,11,198),(202,31,13,198),(203,70,15,198),(204,65,2,205),(206,90,7,205),(207,65,9,205),(208,61,11,205),(209,61,13,205),(210,100,15,205),(211,35,2,212),(213,60,7,212),(214,44,9,212),(215,40,11,212),(216,54,13,212),(217,55,15,212),(218,60,2,219),(220,85,7,219),(221,69,9,219),(222,65,11,219),(223,79,13,219),(224,80,15,219),(225,35,2,226),(228,55,7,226),(229,40,9,226),(230,50,11,226),(231,50,13,226),(232,90,15,226),(233,35,2,234),(235,55,7,234),(236,40,9,234),(237,50,11,234),(238,50,13,234),(239,90,15,234),(240,35,2,241),(242,55,7,241),(243,40,9,241),(244,50,11,241),(245,50,13,241),(246,90,15,241),(247,35,2,248),(249,55,7,248),(250,40,9,248),(251,50,11,248),(252,50,13,248),(253,90,15,248),(254,35,2,255),(256,55,7,255),(257,40,9,255),(258,50,11,255),(259,50,13,255),(260,90,15,255),(261,35,2,262),(263,55,7,262),(264,40,9,262),(265,50,11,262),(266,50,13,262),(267,90,15,262),(268,35,2,269),(270,55,7,269),(271,40,9,269),(272,50,11,269),(273,50,13,269),(274,90,15,269),(275,60,2,276),(277,90,7,276),(278,55,9,276),(279,90,11,276),(280,80,13,276),(281,110,15,276),(282,50,2,283),(285,75,7,283),(286,85,9,283),(287,20,11,283),(288,30,13,283),(289,40,15,283),(290,75,2,291),(292,100,7,291),(293,110,9,291),(294,45,11,291),(295,55,13,291),(296,65,15,291),(297,55,2,298),(299,47,7,298),(300,52,9,298),(301,40,11,298),(302,40,13,298),(303,41,15,298),(304,70,2,305),(306,62,7,305),(307,67,9,305),(308,55,11,305),(309,55,13,305),(310,56,15,305),(311,90,2,312),(313,92,7,312),(314,87,9,312),(315,75,11,312),(316,85,13,312),(317,76,15,312),(318,46,2,319),(320,57,7,319),(321,40,9,319),(322,40,11,319),(323,40,13,319),(324,50,15,319),(325,61,2,326),(327,72,7,326),(328,57,9,326),(329,55,11,326),(330,55,13,326),(331,65,15,326),(332,81,2,333),(334,102,7,333),(335,77,9,333),(336,85,11,333),(337,75,13,333),(338,85,15,333),(339,70,2,340),(342,45,7,340),(343,48,9,340),(344,60,11,340),(345,65,13,340),(346,35,15,340),(347,95,2,348),(349,70,7,348),(350,73,9,348),(351,95,11,348),(352,90,13,348),(353,60,15,348),(354,38,2,355),(356,41,7,355),(357,40,9,355),(358,50,11,355),(359,65,13,355),(360,65,15,355),(361,73,2,362),(363,76,7,362),(364,75,9,362),(365,81,11,362),(366,100,13,362),(367,100,15,362),(368,115,2,369),(370,45,7,369),(371,20,9,369),(372,45,11,369),(373,25,13,369),(374,20,15,369),(375,140,2,376),(377,70,7,376),(378,45,9,376),(379,85,11,376),(380,50,13,376),(381,45,15,376),(382,40,2,383),(384,45,7,383),(385,35,9,383),(386,30,11,383),(387,40,13,383),(388,55,15,383),(389,75,2,390),(391,80,7,390),(392,70,9,390),(393,65,11,390),(394,75,13,390),(395,90,15,390),(396,45,2,397),(398,50,7,397),(399,55,9,397),(400,75,11,397),(401,65,13,397),(402,30,15,397),(403,60,2,404),(405,65,7,404),(406,70,9,404),(407,85,11,404),(408,75,13,404),(409,40,15,404),(410,75,2,411),(412,80,7,411),(413,85,9,411),(414,110,11,411),(415,90,13,411),(416,50,15,411),(417,35,2,418),(419,70,7,418),(420,55,9,418),(421,45,11,418),(422,55,13,418),(423,25,15,418),(424,60,2,425),(426,95,7,425),(427,80,9,425),(428,60,11,425),(429,80,13,425),(430,30,15,425),(431,60,2,432),(433,55,7,432),(434,50,9,432),(435,40,11,432),(436,55,13,432),(437,45,15,432),(438,70,2,439),(440,65,7,439),(441,60,9,439),(442,90,11,439),(443,75,13,439),(444,90,15,439),(445,10,2,446),(447,55,7,446),(448,25,9,446),(449,35,11,446),(450,45,13,446),(451,95,15,446),(452,35,2,453),(454,80,7,453),(455,50,9,453),(456,50,11,453),(457,70,13,453),(458,120,15,453),(459,40,2,460),(461,45,7,460),(462,35,9,460),(463,40,11,460),(464,40,13,460),(465,90,15,460),(466,65,2,467),(468,70,7,467),(469,60,9,467),(470,65,11,467),(471,65,13,467),(472,115,15,467),(473,50,2,474),(475,52,7,474),(476,48,9,474),(477,65,11,474),(478,50,13,474),(479,55,15,474),(480,80,2,481),(482,82,7,481),(483,78,9,481),(484,95,11,481),(485,80,13,481),(486,85,15,481),(487,40,2,488),(490,80,7,488),(491,35,9,488),(492,35,11,488),(493,45,13,488),(494,70,15,488),(495,65,2,496),(497,105,7,496),(498,60,9,496),(499,60,11,496),(500,70,13,496),(501,95,15,496),(502,55,2,503),(504,70,7,503),(505,45,9,503),(506,70,11,503),(507,50,13,503),(508,60,15,503),(509,90,2,510),(511,110,7,510),(512,80,9,510),(513,100,11,510),(514,80,13,510),(515,95,15,510),(516,40,2,517),(518,50,7,517),(519,40,9,517),(520,40,11,517),(521,40,13,517),(522,90,15,517),(523,65,2,524),(525,65,7,524),(526,65,9,524),(527,50,11,524),(528,50,13,524),(529,90,15,524),(530,90,2,531),(532,95,7,531),(533,95,9,531),(534,70,11,531),(535,90,13,531),(536,70,15,531),(537,25,2,538),(540,20,7,538),(541,15,9,538),(542,105,11,538),(543,55,13,538),(544,90,15,538),(545,40,2,546),(547,35,7,546),(548,30,9,546),(549,120,11,546),(550,70,13,546),(551,105,15,546),(552,55,2,553),(554,50,7,553),(555,45,9,553),(556,135,11,553),(557,95,13,553),(558,120,15,553),(559,55,2,560),(561,50,7,560),(562,65,9,560),(563,175,11,560),(564,95,13,560),(565,150,15,560),(566,70,2,567),(568,80,7,567),(569,50,9,567),(570,35,11,567),(571,35,13,567),(572,35,15,567),(573,80,2,574),(575,100,7,574),(576,70,9,574),(577,50,11,574),(578,60,13,574),(579,45,15,574),(580,90,2,581),(582,130,7,581),(583,80,9,581),(584,65,11,581),(585,85,13,581),(586,55,15,581),(587,50,2,588),(589,75,7,588),(590,35,9,588),(591,70,11,588),(592,30,13,588),(593,40,15,588),(594,65,2,595),(596,90,7,595),(597,50,9,595),(598,85,11,595),(599,45,13,595),(600,55,15,595),(601,80,2,602),(603,105,7,602),(604,65,9,602),(605,100,11,602),(606,70,13,602),(607,70,15,602),(608,40,2,609),(610,40,7,609),(611,35,9,609),(612,50,11,609),(613,100,13,609),(614,70,15,609),(615,80,2,616),(617,70,7,616),(618,65,9,616),(619,80,11,616),(620,120,13,616),(621,100,15,616),(622,40,2,623),(625,80,7,623),(626,100,9,623),(627,30,11,623),(628,30,13,623),(629,20,15,623),(630,55,2,631),(632,95,7,631),(633,115,9,631),(634,45,11,631),(635,45,13,631),(636,35,15,631),(637,80,2,638),(639,120,7,638),(640,130,9,638),(641,55,11,638),(642,65,13,638),(643,45,15,638),(644,50,2,645),(646,85,7,645),(647,55,9,645),(648,65,11,645),(649,65,13,645),(650,90,15,645),(651,65,2,652),(653,100,7,652),(654,70,9,652),(655,80,11,652),(656,80,13,652),(657,105,15,652),(658,90,2,659),(660,65,7,659),(661,65,9,659),(662,40,11,659),(663,40,13,659),(664,15,15,659),(665,95,2,666),(667,75,7,666),(668,110,9,666),(669,100,11,666),(670,80,13,666),(671,30,15,666),(672,95,2,673),(674,75,7,673),(675,180,9,673),(676,130,11,673),(677,80,13,673),(678,30,15,673),(679,25,2,680),(682,35,7,680),(683,70,9,680),(684,95,11,680),(685,55,13,680),(686,45,15,680),(687,50,2,688),(689,60,7,688),(690,95,9,688),(691,120,11,688),(692,70,13,688),(693,70,15,688),(694,52,2,695),(696,65,7,695),(697,55,9,695),(698,58,11,695),(699,62,13,695),(700,60,15,695),(701,35,2,702),(703,85,7,702),(704,45,9,702),(705,35,11,702),(706,35,13,702),(707,75,15,702),(708,60,2,709),(710,110,7,709),(711,70,9,709),(712,60,11,709),(713,60,13,709),(714,100,15,709),(715,65,2,716),(717,45,7,716),(718,55,9,716),(719,45,11,716),(720,70,13,716),(721,45,15,716),(722,90,2,723),(725,70,7,723),(726,80,9,723),(727,70,11,723),(728,95,13,723),(729,70,15,723),(730,80,2,731),(732,80,7,731),(733,50,9,731),(734,40,11,731),(735,50,13,731),(736,25,15,731),(737,105,2,738),(739,105,7,738),(740,75,9,738),(741,65,11,738),(742,100,13,738),(743,50,15,738),(744,30,2,745),(746,65,7,745),(747,100,9,745),(748,45,11,745),(749,25,13,745),(750,40,15,745),(751,50,2,752),(753,95,7,752),(754,180,9,752),(755,85,11,752),(756,45,13,752),(757,70,15,752),(758,30,2,759),(761,35,7,759),(762,30,9,759),(763,100,11,759),(764,35,13,759),(765,80,15,759),(766,45,2,767),(768,50,7,767),(769,45,9,767),(770,115,11,767),(771,55,13,767),(772,95,15,767),(773,60,2,774),(775,65,7,774),(776,60,9,774),(777,130,11,774),(778,75,13,774),(779,110,15,774),(780,60,2,781),(782,65,7,781),(783,80,9,781),(784,170,11,781),(785,95,13,781),(786,130,15,781),(787,35,2,788),(789,45,7,788),(790,160,9,788),(791,30,11,788),(792,45,13,788),(793,70,15,788),(794,60,2,795),(796,48,7,795),(797,45,9,795),(798,43,11,795),(799,90,13,795),(800,42,15,795),(801,85,2,802),(803,73,7,802),(804,70,9,802),(805,73,11,802),(806,115,13,802),(807,67,15,802),(808,30,2,809),(810,105,7,809),(811,90,9,809),(812,25,11,809),(813,25,13,809),(814,50,15,809),(815,55,2,816),(817,130,7,816),(818,115,9,816),(819,50,11,816),(820,50,13,816),(821,75,15,816),(822,40,2,823),(824,30,7,823),(825,50,9,823),(826,55,11,823),(827,55,13,823),(828,100,15,823),(829,60,2,830),(831,50,7,830),(832,70,9,830),(833,80,11,830),(834,80,13,830),(835,140,15,830),(836,60,2,837),(838,40,7,837),(839,80,9,837),(840,60,11,837),(841,45,13,837),(842,40,15,837),(843,95,2,844),(845,95,7,844),(846,85,9,844),(847,125,11,844),(848,65,13,844),(849,55,15,844),(850,50,2,851),(852,50,7,851),(853,95,9,851),(854,40,11,851),(855,50,13,851),(856,35,15,851),(857,60,2,858),(859,80,7,858),(860,110,9,858),(861,50,11,858),(862,80,13,858),(863,45,15,858),(864,50,2,865),(866,120,7,865),(867,53,9,865),(868,35,11,865),(869,110,13,865),(870,87,15,865),(871,50,2,872),(873,105,7,872),(874,79,9,872),(875,35,11,872),(876,110,13,872),(877,76,15,872),(878,90,2,879),(880,55,7,879),(881,75,9,879),(882,60,11,879),(883,75,13,879),(884,30,15,879),(885,40,2,886),(887,65,7,886),(888,95,9,886),(889,60,11,886),(890,45,13,886),(891,35,15,886),(892,65,2,893),(894,90,7,893),(895,120,9,893),(896,85,11,893),(897,70,13,893),(898,60,15,893),(899,80,2,900),(901,85,7,900),(902,95,9,900),(903,30,11,900),(904,30,13,900),(905,25,15,900),(906,105,2,907),(908,130,7,907),(909,120,9,907),(910,45,11,907),(911,45,13,907),(912,40,15,907),(913,250,2,914),(915,5,7,914),(916,5,9,914),(917,35,11,914),(918,105,13,914),(919,50,15,914),(920,65,2,921),(922,55,7,921),(923,115,9,921),(924,100,11,921),(925,40,13,921),(926,60,15,921),(927,105,2,928),(929,95,7,928),(930,80,9,928),(931,40,11,928),(932,80,13,928),(933,90,15,928),(934,105,2,935),(936,125,7,935),(937,100,9,935),(938,60,11,935),(939,100,13,935),(940,100,15,935),(941,30,2,942),(943,40,7,942),(944,70,9,942),(945,70,11,942),(946,25,13,942),(947,60,15,942),(948,55,2,949),(950,65,7,949),(951,95,9,949),(952,95,11,949),(953,45,13,949),(954,85,15,949),(955,45,2,956),(957,67,7,956),(958,60,9,956),(959,35,11,956),(960,50,13,956),(961,63,15,956),(962,80,2,963),(964,92,7,963),(965,65,9,963),(966,65,11,963),(967,80,13,963),(968,68,15,963),(969,30,2,970),(971,45,7,970),(972,55,9,970),(973,70,11,970),(974,55,13,970),(975,85,15,970),(976,60,2,977),(978,75,7,977),(979,85,9,977),(980,100,11,977),(981,85,13,977),(982,115,15,977),(983,40,2,984),(985,45,7,984),(986,65,9,984),(987,100,11,984),(988,120,13,984),(989,90,15,984),(990,70,2,991),(992,110,7,991),(993,80,9,991),(994,55,11,991),(995,80,13,991),(996,105,15,991),(997,65,2,998),(999,50,7,998),(1000,35,9,998),(1001,115,11,998),(1002,95,13,998),(1003,95,15,998),(1004,65,2,1005),(1006,83,7,1005),(1007,57,9,1005),(1008,95,11,1005),(1009,85,13,1005),(1010,105,15,1005),(1011,65,2,1012),(1013,95,7,1012),(1014,57,9,1012),(1015,100,11,1012),(1016,85,13,1012),(1017,93,15,1012),(1018,65,2,1019),(1020,125,7,1019),(1021,100,9,1019),(1022,55,11,1019),(1023,70,13,1019),(1024,85,15,1019),(1025,65,2,1026),(1027,155,7,1026),(1028,120,9,1026),(1029,65,11,1026),(1030,90,13,1026),(1031,105,15,1026),(1032,75,2,1033),(1034,100,7,1033),(1035,95,9,1033),(1036,40,11,1033),(1037,70,13,1033),(1038,110,15,1033),(1039,20,2,1040),(1041,10,7,1040),(1042,55,9,1040),(1043,15,11,1040),(1044,20,13,1040),(1045,80,15,1040),(1046,95,2,1047),(1048,125,7,1047),(1049,79,9,1047),(1050,60,11,1047),(1051,100,13,1047),(1052,81,15,1047),(1053,95,2,1054),(1056,155,7,1054),(1057,109,9,1054),(1058,70,11,1054),(1059,130,13,1054),(1060,81,15,1054),(1061,130,2,1062),(1063,85,7,1062),(1064,80,9,1062),(1065,85,11,1062),(1066,95,13,1062),(1067,60,15,1062),(1068,48,2,1069),(1070,48,7,1069),(1071,48,9,1069),(1072,48,11,1069),(1073,48,13,1069),(1074,48,15,1069),(1075,55,2,1076),(1077,55,7,1076),(1078,50,9,1076),(1079,45,11,1076),(1080,65,13,1076),(1081,55,15,1076),(1082,130,2,1083),(1084,65,7,1083),(1085,60,9,1083),(1086,110,11,1083),(1087,95,13,1083),(1088,65,15,1083),(1089,65,2,1090),(1091,65,7,1090),(1092,60,9,1090),(1093,110,11,1090),(1094,95,13,1090),(1095,130,15,1090),(1096,65,2,1097),(1098,130,7,1097),(1099,60,9,1097),(1100,95,11,1097),(1101,110,13,1097),(1102,65,15,1097),(1103,65,2,1104),(1105,60,7,1104),(1106,70,9,1104),(1107,85,11,1104),(1108,75,13,1104),(1109,40,15,1104),(1110,35,2,1111),(1112,40,7,1111),(1113,100,9,1111),(1114,90,11,1111),(1115,55,13,1111),(1116,35,15,1111),(1117,70,2,1118),(1119,60,7,1118),(1120,125,9,1118),(1121,115,11,1118),(1122,70,13,1118),(1123,55,15,1118),(1124,30,2,1125),(1126,80,7,1125),(1127,90,9,1125),(1128,55,11,1125),(1129,45,13,1125),(1130,55,15,1125),(1131,60,2,1132),(1133,115,7,1132),(1134,105,9,1132),(1135,65,11,1132),(1136,70,13,1132),(1137,80,15,1132),(1138,80,2,1139),(1140,105,7,1139),(1141,65,9,1139),(1142,60,11,1139),(1143,75,13,1139),(1144,130,15,1139),(1145,80,2,1146),(1147,135,7,1146),(1148,85,9,1146),(1149,70,11,1146),(1150,95,13,1146),(1151,150,15,1146),(1152,160,2,1153),(1154,110,7,1153),(1155,65,9,1153),(1156,65,11,1153),(1157,110,13,1153),(1158,30,15,1153),(1159,90,2,1160),(1161,85,7,1160),(1162,100,9,1160),(1163,95,11,1160),(1164,125,13,1160),(1165,85,15,1160),(1166,90,2,1167),(1168,90,7,1167),(1169,85,9,1167),(1170,125,11,1167),(1171,90,13,1167),(1172,100,15,1167),(1173,90,2,1174),(1175,100,7,1174),(1176,90,9,1174),(1177,125,11,1174),(1178,85,13,1174),(1179,90,15,1174),(1180,41,2,1181),(1182,64,7,1181),(1183,45,9,1181),(1184,50,11,1181),(1185,50,13,1181),(1186,50,15,1181),(1187,61,2,1188),(1189,84,7,1188),(1190,65,9,1188),(1191,70,11,1188),(1192,70,13,1188),(1193,70,15,1188),(1194,91,2,1195),(1196,134,7,1195),(1197,95,9,1195),(1198,100,11,1195),(1199,100,13,1195),(1200,80,15,1195),(1201,106,2,1202),(1203,110,7,1202),(1204,90,9,1202),(1205,154,11,1202),(1206,90,13,1202),(1207,130,15,1202),(1208,106,2,1209),(1210,190,7,1209),(1211,100,9,1209),(1212,154,11,1209),(1213,100,13,1209),(1214,130,15,1209),(1215,106,2,1216),(1217,150,7,1216),(1218,70,9,1216),(1219,194,11,1216),(1220,120,13,1216),(1221,140,15,1216),(1222,100,2,1223),(1224,100,7,1223),(1225,100,9,1223),(1226,100,11,1223),(1227,100,13,1223),(1228,100,15,1223),(1229,45,2,1230),(1231,49,7,1230),(1232,65,9,1230),(1233,49,11,1230),(1234,65,13,1230),(1235,45,15,1230),(1236,60,2,1237),(1238,62,7,1237),(1239,80,9,1237),(1240,63,11,1237),(1241,80,13,1237),(1242,60,15,1237),(1243,80,2,1244),(1245,82,7,1244),(1246,100,9,1244),(1247,83,11,1244),(1248,100,13,1244),(1249,80,15,1244),(1250,39,2,1251),(1252,52,7,1251),(1253,43,9,1251),(1254,60,11,1251),(1255,50,13,1251),(1256,65,15,1251),(1257,58,2,1258),(1259,64,7,1258),(1260,58,9,1258),(1261,80,11,1258),(1262,65,13,1258),(1263,80,15,1258),(1264,78,2,1265),(1266,84,7,1265),(1267,78,9,1265),(1268,109,11,1265),(1269,85,13,1265),(1270,100,15,1265),(1271,50,2,1272),(1273,65,7,1272),(1274,64,9,1272),(1275,44,11,1272),(1276,48,13,1272),(1277,43,15,1272),(1278,65,2,1279),(1280,80,7,1279),(1281,80,9,1279),(1282,59,11,1279),(1283,63,13,1279),(1284,58,15,1279),(1285,85,2,1286),(1287,105,7,1286),(1288,100,9,1286),(1289,79,11,1286),(1290,83,13,1286),(1291,78,15,1286),(1292,35,2,1293),(1294,46,7,1293),(1295,34,9,1293),(1296,35,11,1293),(1297,45,13,1293),(1298,20,15,1293),(1299,85,2,1300),(1301,76,7,1300),(1302,64,9,1300),(1303,45,11,1300),(1304,55,13,1300),(1305,90,15,1300),(1306,60,2,1307),(1308,30,7,1307),(1309,30,9,1307),(1310,36,11,1307),(1311,56,13,1307),(1312,50,15,1307),(1313,100,2,1314),(1315,50,7,1314),(1316,50,9,1314),(1317,76,11,1314),(1318,96,13,1314),(1319,70,15,1314),(1320,40,2,1321),(1322,20,7,1321),(1323,30,9,1321),(1324,40,11,1321),(1325,80,13,1321),(1326,55,15,1321),(1327,55,2,1328),(1329,35,7,1328),(1330,50,9,1328),(1331,55,11,1328),(1332,110,13,1328),(1333,85,15,1328),(1334,40,2,1335),(1336,60,7,1335),(1337,40,9,1335),(1338,40,11,1335),(1339,40,13,1335),(1340,30,15,1335),(1341,70,2,1342),(1343,90,7,1342),(1344,70,9,1342),(1345,60,11,1342),(1346,60,13,1342),(1347,40,15,1342),(1348,85,2,1349),(1350,90,7,1349),(1351,80,9,1349),(1352,70,11,1349),(1353,80,13,1349),(1354,130,15,1349),(1355,75,2,1356),(1357,38,7,1356),(1358,38,9,1356),(1359,56,11,1356),(1360,56,13,1356),(1361,67,15,1356),(1362,125,2,1363),(1364,58,7,1363),(1365,58,9,1363),(1366,76,11,1363),(1367,76,13,1363),(1368,67,15,1363),(1369,20,2,1370),(1371,40,7,1370),(1372,15,9,1370),(1373,35,11,1370),(1374,35,13,1370),(1375,60,15,1370),(1376,20,2,1377),(1378,40,7,1377),(1379,15,9,1377),(1380,35,11,1377),(1381,35,13,1377),(1382,60,15,1377),(1383,50,2,1384),(1385,25,7,1384),(1386,28,9,1384),(1387,45,11,1384),(1388,55,13,1384),(1389,15,15,1384),(1390,90,2,1391),(1392,30,7,1391),(1393,15,9,1391),(1394,40,11,1391),(1395,20,13,1391),(1396,15,15,1391),(1397,35,2,1398),(1399,20,7,1398),(1400,65,9,1398),(1401,40,11,1398),(1402,65,13,1398),(1403,20,15,1398),(1404,55,2,1405),(1406,40,7,1405),(1407,85,9,1405),(1408,80,11,1405),(1409,105,13,1405),(1410,40,15,1405),(1411,40,2,1412),(1413,50,7,1412),(1414,45,9,1412),(1415,70,11,1412),(1416,45,13,1412),(1417,70,15,1412),(1418,65,2,1419),(1420,75,7,1419),(1421,70,9,1419),(1422,95,11,1419),(1423,70,13,1419),(1424,95,15,1419),(1425,55,2,1426),(1427,40,7,1426),(1428,40,9,1426),(1429,65,11,1426),(1430,45,13,1426),(1431,35,15,1426),(1432,70,2,1433),(1434,55,7,1433),(1435,55,9,1433),(1436,80,11,1433),(1437,60,13,1433),(1438,45,15,1433),(1439,90,2,1440),(1441,75,7,1440),(1442,85,9,1440),(1443,115,11,1440),(1444,90,13,1440),(1445,55,15,1440),(1446,90,2,1447),(1448,95,7,1447),(1449,105,9,1447),(1450,165,11,1447),(1451,110,13,1447),(1452,45,15,1447),(1453,75,2,1454),(1455,80,7,1454),(1456,95,9,1454),(1457,90,11,1454),(1458,100,13,1454),(1459,50,15,1454),(1460,70,2,1461),(1462,20,7,1461),(1463,50,9,1461),(1464,20,11,1461),(1465,50,13,1461),(1466,40,15,1461),(1467,100,2,1468),(1469,50,7,1468),(1470,80,9,1468),(1471,60,11,1468),(1472,80,13,1468),(1473,50,15,1468),(1474,70,2,1475),(1476,100,7,1475),(1477,115,9,1475),(1478,30,11,1475),(1479,65,13,1475),(1480,30,15,1475),(1481,90,2,1482),(1483,75,7,1482),(1484,75,9,1482),(1485,90,11,1482),(1486,100,13,1482),(1487,70,15,1482),(1488,35,2,1489),(1490,35,7,1489),(1491,40,9,1489),(1492,35,11,1489),(1493,55,13,1489),(1494,50,15,1489),(1495,55,2,1496),(1497,45,7,1496),(1498,50,9,1496),(1499,45,11,1496),(1500,65,13,1496),(1501,80,15,1496),(1502,75,2,1503),(1504,55,7,1503),(1505,70,9,1503),(1506,55,11,1503),(1507,95,13,1503),(1508,110,15,1503),(1509,55,2,1510),(1511,70,7,1510),(1512,55,9,1510),(1513,40,11,1510),(1514,55,13,1510),(1515,85,15,1510),(1516,30,2,1517),(1518,30,7,1517),(1519,30,9,1517),(1520,30,11,1517),(1521,30,13,1517),(1522,30,15,1517),(1523,75,2,1524),(1525,75,7,1524),(1526,55,9,1524),(1527,105,11,1524),(1528,85,13,1524),(1529,30,15,1524),(1530,65,2,1531),(1532,65,7,1531),(1533,45,9,1531),(1534,75,11,1531),(1535,45,13,1531),(1536,95,15,1531),(1537,55,2,1538),(1539,45,7,1538),(1540,45,9,1538),(1541,25,11,1538),(1542,25,13,1538),(1543,15,15,1538),(1544,95,2,1545),(1546,85,7,1545),(1547,85,9,1545),(1548,65,11,1545),(1549,65,13,1545),(1550,35,15,1545),(1551,65,2,1552),(1553,65,7,1552),(1554,60,9,1552),(1555,130,11,1552),(1556,95,13,1552),(1557,110,15,1552),(1558,95,2,1559),(1560,65,7,1559),(1561,110,9,1559),(1562,60,11,1559),(1563,130,13,1559),(1564,65,15,1559),(1565,60,2,1566),(1567,85,7,1566),(1568,42,9,1566),(1569,85,11,1566),(1570,42,13,1566),(1571,91,15,1566),(1572,95,2,1573),(1574,75,7,1573),(1575,80,9,1573),(1576,100,11,1573),(1577,110,13,1573),(1578,30,15,1573),(1579,60,2,1580),(1581,60,7,1580),(1582,60,9,1580),(1583,85,11,1580),(1584,85,13,1580),(1585,85,15,1580),(1586,48,2,1587),(1588,72,7,1587),(1589,48,9,1587),(1590,72,11,1587),(1591,48,13,1587),(1592,48,15,1587),(1593,190,2,1594),(1595,33,7,1594),(1596,58,9,1594),(1597,33,11,1594),(1598,58,13,1594),(1599,33,15,1594),(1600,70,2,1601),(1602,80,7,1601),(1603,65,9,1601),(1604,90,11,1601),(1605,65,13,1601),(1606,85,15,1601),(1607,50,2,1608),(1609,65,7,1608),(1610,90,9,1608),(1611,35,11,1608),(1612,35,13,1608),(1613,15,15,1608),(1614,75,2,1615),(1616,90,7,1615),(1617,140,9,1615),(1618,60,11,1615),(1619,60,13,1615),(1620,40,15,1615),(1621,100,2,1622),(1623,70,7,1622),(1624,70,9,1622),(1625,65,11,1622),(1626,65,13,1622),(1627,45,15,1622),(1628,65,2,1629),(1630,75,7,1629),(1631,105,9,1629),(1632,35,11,1629),(1633,65,13,1629),(1634,85,15,1629),(1635,75,2,1636),(1637,85,7,1636),(1638,200,9,1636),(1639,55,11,1636),(1640,65,13,1636),(1641,30,15,1636),(1642,75,2,1643),(1644,125,7,1643),(1645,230,9,1643),(1646,55,11,1643),(1647,95,13,1643),(1648,30,15,1643),(1649,60,2,1650),(1651,80,7,1650),(1652,50,9,1650),(1653,40,11,1650),(1654,40,13,1650),(1655,30,15,1650),(1656,90,2,1657),(1658,120,7,1657),(1659,75,9,1657),(1660,60,11,1657),(1661,60,13,1657),(1662,45,15,1657),(1663,65,2,1664),(1665,95,7,1664),(1666,75,9,1664),(1667,55,11,1664),(1668,55,13,1664),(1669,85,15,1664),(1670,70,2,1671),(1672,130,7,1671),(1673,100,9,1671),(1674,55,11,1671),(1675,80,13,1671),(1676,65,15,1671),(1677,70,2,1678),(1679,150,7,1678),(1680,140,9,1678),(1681,65,11,1678),(1682,100,13,1678),(1683,75,15,1678),(1684,20,2,1685),(1686,10,7,1685),(1687,230,9,1685),(1688,10,11,1685),(1689,230,13,1685),(1690,5,15,1685),(1691,80,2,1692),(1693,125,7,1692),(1694,75,9,1692),(1695,40,11,1692),(1696,95,13,1692),(1697,85,15,1692),(1698,80,2,1699),(1700,185,7,1699),(1701,115,9,1699),(1702,40,11,1699),(1703,105,13,1699),(1704,75,15,1699),(1705,55,2,1706),(1707,95,7,1706),(1708,55,9,1706),(1709,35,11,1706),(1710,75,13,1706),(1711,115,15,1706),(1712,60,2,1713),(1714,80,7,1713),(1715,50,9,1713),(1716,50,11,1713),(1717,50,13,1713),(1718,40,15,1713),(1719,90,2,1720),(1721,130,7,1720),(1722,75,9,1720),(1723,75,11,1720),(1724,75,13,1720),(1725,55,15,1720),(1726,40,2,1727),(1728,40,7,1727),(1729,40,9,1727),(1730,70,11,1727),(1731,40,13,1727),(1732,20,15,1727),(1733,50,2,1734),(1735,50,7,1734),(1736,120,9,1734),(1737,80,11,1734),(1738,80,13,1734),(1739,30,15,1734),(1740,50,2,1741),(1742,50,7,1741),(1743,40,9,1741),(1744,30,11,1741),(1745,30,13,1741),(1746,50,15,1741),(1747,100,2,1748),(1749,100,7,1748),(1750,80,9,1748),(1751,60,11,1748),(1752,60,13,1748),(1753,50,15,1748),(1754,55,2,1755),(1756,55,7,1755),(1757,85,9,1755),(1758,65,11,1755),(1759,85,13,1755),(1760,35,15,1755),(1761,35,2,1762),(1763,65,7,1762),(1764,35,9,1762),(1765,65,11,1762),(1766,35,13,1762),(1767,65,15,1762),(1768,75,2,1769),(1770,105,7,1769),(1771,75,9,1769),(1772,105,11,1769),(1773,75,13,1769),(1774,45,15,1769),(1775,45,2,1776),(1777,55,7,1776),(1778,45,9,1776),(1779,65,11,1776),(1780,45,13,1776),(1781,75,15,1776),(1782,65,2,1783),(1784,40,7,1783),(1785,70,9,1783),(1786,80,11,1783),(1787,140,13,1783),(1788,70,15,1783),(1789,65,2,1790),(1791,80,7,1790),(1792,140,9,1790),(1793,40,11,1790),(1794,70,13,1790),(1795,70,15,1790),(1796,45,2,1797),(1798,60,7,1797),(1799,30,9,1797),(1800,80,11,1797),(1801,50,13,1797),(1802,65,15,1797),(1803,75,2,1804),(1805,90,7,1804),(1806,50,9,1804),(1807,110,11,1804),(1808,80,13,1804),(1809,95,15,1804),(1810,75,2,1811),(1812,90,7,1811),(1813,90,9,1811),(1814,140,11,1811),(1815,90,13,1811),(1816,115,15,1811),(1817,75,2,1818),(1819,95,7,1818),(1820,95,9,1818),(1821,95,11,1818),(1822,95,13,1818),(1823,85,15,1818),(1824,90,2,1825),(1826,60,7,1825),(1827,60,9,1825),(1828,40,11,1825),(1829,40,13,1825),(1830,40,15,1825),(1831,90,2,1832),(1833,120,7,1832),(1834,120,9,1832),(1835,60,11,1832),(1836,60,13,1832),(1837,50,15,1832),(1838,85,2,1839),(1840,80,7,1839),(1841,90,9,1839),(1842,105,11,1839),(1843,95,13,1839),(1844,60,15,1839),(1845,73,2,1846),(1847,95,7,1846),(1848,62,9,1846),(1849,85,11,1846),(1850,65,13,1846),(1851,85,15,1846),(1852,55,2,1853),(1854,20,7,1853),(1855,35,9,1853),(1856,20,11,1853),(1857,45,13,1853),(1858,75,15,1853),(1859,35,2,1860),(1861,35,7,1860),(1862,35,9,1860),(1863,35,11,1860),(1864,35,13,1860),(1865,35,15,1860),(1866,50,2,1867),(1868,95,7,1867),(1869,95,9,1867),(1870,35,11,1867),(1871,110,13,1867),(1872,70,15,1867),(1873,45,2,1874),(1875,30,7,1874),(1876,15,9,1874),(1877,85,11,1874),(1878,65,13,1874),(1879,65,15,1874),(1880,45,2,1881),(1882,63,7,1881),(1883,37,9,1881),(1884,65,11,1881),(1885,55,13,1881),(1886,95,15,1881),(1887,45,2,1888),(1889,75,7,1888),(1890,37,9,1888),(1891,70,11,1888),(1892,55,13,1888),(1893,83,15,1888),(1894,95,2,1895),(1896,80,7,1895),(1897,105,9,1895),(1898,40,11,1895),(1899,70,13,1895),(1900,100,15,1895),(1901,255,2,1902),(1903,10,7,1902),(1904,10,9,1902),(1905,75,11,1902),(1906,135,13,1902),(1907,55,15,1902),(1908,90,2,1909),(1910,85,7,1909),(1911,75,9,1909),(1912,115,11,1909),(1913,100,13,1909),(1914,115,15,1909),(1915,115,2,1916),(1917,115,7,1916),(1918,85,9,1916),(1919,90,11,1916),(1920,75,13,1916),(1921,100,15,1916),(1922,100,2,1923),(1924,75,7,1923),(1925,115,9,1923),(1926,90,11,1923),(1927,115,13,1923),(1928,85,15,1923),(1929,50,2,1930),(1931,64,7,1930),(1932,50,9,1930),(1933,45,11,1930),(1934,50,13,1930),(1935,41,15,1930),(1936,70,2,1937),(1938,84,7,1937),(1939,70,9,1937),(1940,65,11,1937),(1941,70,13,1937),(1942,51,15,1937),(1943,100,2,1944),(1945,134,7,1944),(1946,110,9,1944),(1947,95,11,1944),(1948,100,13,1944),(1949,61,15,1944),(1950,100,2,1951),(1952,164,7,1951),(1953,150,9,1951),(1954,95,11,1951),(1955,120,13,1951),(1956,71,15,1951),(1957,106,2,1958),(1959,90,7,1958),(1960,130,9,1958),(1961,90,11,1958),(1962,154,13,1958),(1963,110,15,1958),(1964,106,2,1965),(1966,130,7,1965),(1967,90,9,1965),(1968,110,11,1965),(1969,154,13,1965),(1970,90,15,1965),(1971,100,2,1972),(1973,100,7,1972),(1974,100,9,1972),(1975,100,11,1972),(1976,100,13,1972),(1977,100,15,1972),(1978,40,2,1979),(1980,45,7,1979),(1981,35,9,1979),(1982,65,11,1979),(1983,55,13,1979),(1984,70,15,1979),(1985,50,2,1986),(1987,65,7,1986),(1988,45,9,1986),(1989,85,11,1986),(1990,65,13,1986),(1991,95,15,1986),(1992,70,2,1993),(1994,85,7,1993),(1995,65,9,1993),(1996,105,11,1993),(1997,85,13,1993),(1998,120,15,1993),(1999,70,2,2000),(2001,110,7,2000),(2002,75,9,2000),(2003,145,11,2000),(2004,85,13,2000),(2005,145,15,2000),(2006,45,2,2007),(2008,60,7,2007),(2009,40,9,2007),(2010,70,11,2007),(2011,50,13,2007),(2012,45,15,2007),(2013,60,2,2014),(2015,85,7,2014),(2016,60,9,2014),(2017,85,11,2014),(2018,60,13,2014),(2019,55,15,2014),(2020,80,2,2021),(2022,120,7,2021),(2023,70,9,2021),(2024,110,11,2021),(2025,70,13,2021),(2026,80,15,2021),(2027,80,2,2028),(2029,160,7,2028),(2030,80,9,2028),(2031,130,11,2028),(2032,80,13,2028),(2033,100,15,2028),(2034,50,2,2035),(2036,70,7,2035),(2037,50,9,2035),(2038,50,11,2035),(2039,50,13,2035),(2040,40,15,2035),(2041,70,2,2042),(2043,85,7,2042),(2044,70,9,2042),(2045,60,11,2042),(2046,70,13,2042),(2047,50,15,2042),(2048,100,2,2049),(2050,110,7,2049),(2051,90,9,2049),(2052,85,11,2049),(2053,90,13,2049),(2054,60,15,2049),(2055,100,2,2056),(2057,150,7,2056),(2058,110,9,2056),(2059,95,11,2056),(2060,110,13,2056),(2061,70,15,2056),(2062,35,2,2063),(2064,55,7,2063),(2065,35,9,2063),(2066,30,11,2063),(2067,30,13,2063),(2068,35,15,2063),(2069,70,2,2070),(2071,90,7,2070),(2072,70,9,2070),(2073,60,11,2070),(2074,60,13,2070),(2075,70,15,2070),(2076,38,2,2077),(2078,30,7,2077),(2079,41,9,2077),(2080,30,11,2077),(2081,41,13,2077),(2082,60,15,2077),(2083,78,2,2084),(2085,70,7,2084),(2086,61,9,2084),(2087,50,11,2084),(2088,61,13,2084),(2089,100,15,2084),(2090,45,2,2091),(2092,45,7,2091),(2093,35,9,2091),(2094,20,11,2091),(2095,30,13,2091),(2096,20,15,2091),(2097,50,2,2098),(2099,35,7,2098),(2100,55,9,2098),(2101,25,11,2098),(2102,25,13,2098),(2103,15,15,2098),(2104,60,2,2105),(2106,70,7,2105),(2107,50,9,2105),(2108,100,11,2105),(2109,50,13,2105),(2110,65,15,2105),(2111,50,2,2112),(2113,35,7,2112),(2114,55,9,2112),(2115,25,11,2112),(2116,25,13,2112),(2117,15,15,2112),(2118,60,2,2119),(2120,50,7,2119),(2121,70,9,2119),(2122,50,11,2119),(2123,90,13,2119),(2124,65,15,2119),(2125,40,2,2126),(2127,30,7,2126),(2128,30,9,2126),(2129,40,11,2126),(2130,50,13,2126),(2131,30,15,2126),(2132,60,2,2133),(2134,50,7,2133),(2135,50,9,2133),(2136,60,11,2133),(2137,70,13,2133),(2138,50,15,2133),(2139,80,2,2140),(2141,70,7,2140),(2142,70,9,2140),(2143,90,11,2140),(2144,100,13,2140),(2145,70,15,2140),(2146,40,2,2147),(2148,40,7,2147),(2149,50,9,2147),(2150,30,11,2147),(2151,30,13,2147),(2152,30,15,2147),(2153,70,2,2154),(2155,70,7,2154),(2156,40,9,2154),(2157,60,11,2154),(2158,40,13,2154),(2159,60,15,2154),(2160,90,2,2161),(2162,100,7,2161),(2163,60,9,2161),(2164,90,11,2161),(2165,60,13,2161),(2166,80,15,2161),(2167,40,2,2168),(2169,55,7,2168),(2170,30,9,2168),(2171,30,11,2168),(2172,30,13,2168),(2173,85,15,2168),(2174,60,2,2175),(2176,85,7,2175),(2177,60,9,2175),(2178,50,11,2175),(2179,50,13,2175),(2180,125,15,2175),(2181,40,2,2182),(2183,30,7,2182),(2184,30,9,2182),(2185,55,11,2182),(2186,30,13,2182),(2187,85,15,2182),(2188,60,2,2189),(2190,50,7,2189),(2191,100,9,2189),(2192,85,11,2189),(2193,70,13,2189),(2194,65,15,2189),(2195,28,2,2196),(2197,25,7,2196),(2198,25,9,2196),(2199,45,11,2196),(2200,35,13,2196),(2201,40,15,2196),(2202,38,2,2203),(2204,35,7,2203),(2205,35,9,2203),(2206,65,11,2203),(2207,55,13,2203),(2208,50,15,2203),(2209,68,2,2210),(2211,65,7,2210),(2212,65,9,2210),(2213,125,11,2210),(2214,115,13,2210),(2215,80,15,2210),(2216,68,2,2217),(2218,85,7,2217),(2219,65,9,2217),(2220,165,11,2217),(2221,135,13,2217),(2222,100,15,2217),(2223,40,2,2224),(2225,30,7,2224),(2226,32,9,2224),(2227,50,11,2224),(2228,52,13,2224),(2229,65,15,2224),(2230,70,2,2231),(2232,60,7,2231),(2233,62,9,2231),(2234,80,11,2231),(2235,82,13,2231),(2236,60,15,2231),(2237,60,2,2238),(2239,40,7,2238),(2240,60,9,2238),(2241,40,11,2238),(2242,60,13,2238),(2243,35,15,2238),(2244,60,2,2245),(2246,130,7,2245),(2247,80,9,2245),(2248,60,11,2245),(2249,60,13,2245),(2250,70,15,2245),(2251,60,2,2252),(2253,60,7,2252),(2254,60,9,2252),(2255,35,11,2252),(2256,35,13,2252),(2257,30,15,2252),(2258,80,2,2259),(2260,80,7,2259),(2261,80,9,2259),(2262,55,11,2259),(2263,55,13,2259),(2264,90,15,2259),(2265,150,2,2266),(2267,160,7,2266),(2268,100,9,2266),(2269,95,11,2266),(2270,65,13,2266),(2271,100,15,2266),(2272,31,2,2273),(2274,45,7,2273),(2275,90,9,2273),(2276,30,11,2273),(2277,30,13,2273),(2278,40,15,2273),(2279,61,2,2280),(2281,90,7,2280),(2282,45,9,2280),(2283,50,11,2280),(2284,50,13,2280),(2285,160,15,2280),(2286,1,2,2287),(2288,90,7,2287),(2289,45,9,2287),(2290,30,11,2287),(2291,30,13,2287),(2292,40,15,2287),(2293,64,2,2294),(2295,51,7,2294),(2296,23,9,2294),(2297,51,11,2294),(2298,23,13,2294),(2299,28,15,2294),(2300,84,2,2301),(2302,71,7,2301),(2303,43,9,2301),(2304,71,11,2301),(2305,43,13,2301),(2306,48,15,2301),(2307,104,2,2308),(2309,91,7,2308),(2310,63,9,2308),(2311,91,11,2308),(2312,73,13,2308),(2313,68,15,2308),(2314,72,2,2315),(2316,60,7,2315),(2317,30,9,2315),(2318,20,11,2315),(2319,30,13,2315),(2320,25,15,2315),(2321,144,2,2322),(2323,120,7,2322),(2324,60,9,2322),(2325,40,11,2322),(2326,60,13,2322),(2327,50,15,2322),(2328,50,2,2329),(2330,20,7,2329),(2331,40,9,2329),(2332,20,11,2329),(2333,40,13,2329),(2334,20,15,2329),(2335,30,2,2336),(2337,45,7,2336),(2338,135,9,2336),(2339,45,11,2336),(2340,90,13,2336),(2341,30,15,2336),(2342,50,2,2343),(2344,45,7,2343),(2345,45,9,2343),(2346,35,11,2343),(2347,35,13,2343),(2348,50,15,2343),(2349,70,2,2350),(2351,65,7,2350),(2352,65,9,2350),(2353,55,11,2350),(2354,55,13,2350),(2355,70,15,2350),(2356,50,2,2357),(2358,75,7,2357),(2359,75,9,2357),(2360,65,11,2357),(2361,65,13,2357),(2362,50,15,2357),(2363,50,2,2364),(2365,85,7,2364),(2366,125,9,2364),(2367,85,11,2364),(2368,115,13,2364),(2369,20,15,2364),(2370,50,2,2371),(2372,85,7,2371),(2373,85,9,2371),(2374,55,11,2371),(2375,55,13,2371),(2376,50,15,2371),(2377,50,2,2378),(2379,105,7,2378),(2380,125,9,2378),(2381,55,11,2378),(2382,95,13,2378),(2383,50,15,2378),(2384,50,2,2385),(2386,70,7,2385),(2387,100,9,2385),(2388,40,11,2385),(2389,40,13,2385),(2390,30,15,2385),(2391,60,2,2392),(2393,90,7,2392),(2394,140,9,2392),(2395,50,11,2392),(2396,50,13,2392),(2397,40,15,2392),(2398,70,2,2399),(2400,110,7,2399),(2401,180,9,2399),(2402,60,11,2399),(2403,60,13,2399),(2404,50,15,2399),(2405,70,2,2406),(2407,140,7,2406),(2408,230,9,2406),(2409,60,11,2406),(2410,80,13,2406),(2411,50,15,2406),(2412,30,2,2413),(2414,40,7,2413),(2415,55,9,2413),(2416,40,11,2413),(2417,55,13,2413),(2418,60,15,2413),(2419,60,2,2420),(2421,60,7,2420),(2422,75,9,2420),(2423,60,11,2420),(2424,75,13,2420),(2425,80,15,2420),(2426,60,2,2427),(2428,100,7,2427),(2429,85,9,2427),(2430,80,11,2427),(2431,85,13,2427),(2432,100,15,2427),(2433,40,2,2434),(2435,45,7,2434),(2436,40,9,2434),(2437,65,11,2434),(2438,40,13,2434),(2439,65,15,2434),(2440,70,2,2441),(2442,75,7,2441),(2443,60,9,2441),(2444,105,11,2441),(2445,60,13,2441),(2446,105,15,2441),(2447,70,2,2448),(2449,75,7,2448),(2450,80,9,2448),(2451,135,11,2448),(2452,80,13,2448),(2453,135,15,2448),(2454,60,2,2455),(2456,50,7,2455),(2457,40,9,2455),(2458,85,11,2455),(2459,75,13,2455),(2460,95,15,2455),(2461,60,2,2462),(2463,40,7,2462),(2464,50,9,2462),(2465,75,11,2462),(2466,85,13,2462),(2467,95,15,2462),(2468,65,2,2469),(2470,73,7,2469),(2471,55,9,2469),(2472,47,11,2469),(2473,75,13,2469),(2474,85,15,2469),(2475,65,2,2476),(2477,47,7,2476),(2478,55,9,2476),(2479,73,11,2476),(2480,75,13,2476),(2481,85,15,2476),(2482,50,2,2483),(2484,60,7,2483),(2485,45,9,2483),(2486,100,11,2483),(2487,80,13,2483),(2488,65,15,2483),(2489,70,2,2490),(2491,43,7,2490),(2492,53,9,2490),(2493,43,11,2490),(2494,53,13,2490),(2495,40,15,2490),(2496,100,2,2497),(2498,73,7,2497),(2499,83,9,2497),(2500,73,11,2497),(2501,83,13,2497),(2502,55,15,2497),(2503,45,2,2504),(2505,90,7,2504),(2506,20,9,2504),(2507,65,11,2504),(2508,20,13,2504),(2509,65,15,2504),(2510,70,2,2511),(2512,120,7,2511),(2513,40,9,2511),(2514,95,11,2511),(2515,40,13,2511),(2516,95,15,2511),(2517,70,2,2518),(2519,140,7,2518),(2520,70,9,2518),(2521,110,11,2518),(2522,65,13,2518),(2523,105,15,2518),(2524,130,2,2525),(2526,70,7,2525),(2527,35,9,2525),(2528,70,11,2525),(2529,35,13,2525),(2530,60,15,2525),(2531,170,2,2532),(2533,90,7,2532),(2534,45,9,2532),(2535,90,11,2532),(2536,45,13,2532),(2537,60,15,2532),(2538,60,2,2539),(2540,60,7,2539),(2541,40,9,2539),(2542,65,11,2539),(2543,45,13,2539),(2544,35,15,2539),(2545,70,2,2546),(2547,100,7,2546),(2548,70,9,2546),(2549,105,11,2546),(2550,75,13,2546),(2551,40,15,2546),(2552,70,2,2553),(2554,120,7,2553),(2555,100,9,2553),(2556,145,11,2553),(2557,105,13,2553),(2558,20,15,2553),(2559,70,2,2560),(2561,85,7,2560),(2562,140,9,2560),(2563,85,11,2560),(2564,70,13,2560),(2565,20,15,2560),(2566,60,2,2567),(2568,25,7,2567),(2569,35,9,2567),(2570,70,11,2567),(2571,80,13,2567),(2572,60,15,2567),(2573,80,2,2574),(2575,45,7,2574),(2576,65,9,2574),(2577,90,11,2574),(2578,110,13,2574),(2579,80,15,2574),(2580,60,2,2581),(2582,60,7,2581),(2583,60,9,2581),(2584,60,11,2581),(2585,60,13,2581),(2586,60,15,2581),(2587,45,2,2588),(2589,100,7,2588),(2590,45,9,2588),(2591,45,11,2588),(2592,45,13,2588),(2593,10,15,2588),(2594,50,2,2595),(2596,70,7,2595),(2597,50,9,2595),(2598,50,11,2595),(2599,50,13,2595),(2600,70,15,2595),(2601,80,2,2602),(2603,100,7,2602),(2604,80,9,2602),(2605,80,11,2602),(2606,80,13,2602),(2607,100,15,2602),(2608,50,2,2609),(2610,85,7,2609),(2611,40,9,2609),(2612,85,11,2609),(2613,40,13,2609),(2614,35,15,2609),(2615,70,2,2616),(2617,115,7,2616),(2618,60,9,2616),(2619,115,11,2616),(2620,60,13,2616),(2621,55,15,2616),(2622,45,2,2623),(2624,40,7,2623),(2625,60,9,2623),(2626,40,11,2623),(2627,75,13,2623),(2628,50,15,2623),(2629,75,2,2630),(2631,70,7,2630),(2632,90,9,2630),(2633,70,11,2630),(2634,105,13,2630),(2635,80,15,2630),(2636,75,2,2637),(2638,110,7,2637),(2639,110,9,2637),(2640,110,11,2637),(2641,105,13,2637),(2642,80,15,2637),(2643,73,2,2644),(2645,115,7,2644),(2646,60,9,2644),(2647,60,11,2644),(2648,60,13,2644),(2649,90,15,2644),(2650,73,2,2651),(2652,100,7,2651),(2653,60,9,2651),(2654,100,11,2651),(2655,60,13,2651),(2656,65,15,2651),(2657,70,2,2658),(2659,55,7,2658),(2660,65,9,2658),(2661,95,11,2658),(2662,85,13,2658),(2663,70,15,2658),(2664,70,2,2665),(2666,95,7,2665),(2667,85,9,2665),(2668,55,11,2665),(2669,65,13,2665),(2670,70,15,2665),(2671,50,2,2672),(2673,48,7,2672),(2674,43,9,2672),(2675,46,11,2672),(2676,41,13,2672),(2677,60,15,2672),(2678,110,2,2679),(2680,78,7,2679),(2681,73,9,2679),(2682,76,11,2679),(2683,71,13,2679),(2684,60,15,2679),(2685,43,2,2686),(2687,80,7,2686),(2688,65,9,2686),(2689,50,11,2686),(2690,35,13,2686),(2691,35,15,2686),(2692,63,2,2693),(2694,120,7,2693),(2695,85,9,2693),(2696,90,11,2693),(2697,55,13,2693),(2698,55,15,2693),(2699,40,2,2700),(2701,40,7,2700),(2702,55,9,2700),(2703,40,11,2700),(2704,70,13,2700),(2705,55,15,2700),(2706,60,2,2707),(2708,70,7,2707),(2709,105,9,2707),(2710,70,11,2707),(2711,120,13,2707),(2712,75,15,2707),(2713,66,2,2714),(2715,41,7,2714),(2716,77,9,2714),(2717,61,11,2714),(2718,87,13,2714),(2719,23,15,2714),(2720,86,2,2721),(2722,81,7,2721),(2723,97,9,2721),(2724,81,11,2721),(2725,107,13,2721),(2726,43,15,2721),(2727,45,2,2728),(2729,95,7,2728),(2730,50,9,2728),(2731,40,11,2728),(2732,50,13,2728),(2733,75,15,2728),(2734,75,2,2735),(2736,125,7,2735),(2737,100,9,2735),(2738,70,11,2735),(2739,80,13,2735),(2740,45,15,2735),(2741,20,2,2742),(2743,15,7,2742),(2744,20,9,2742),(2745,10,11,2742),(2746,55,13,2742),(2747,80,15,2742),(2748,95,2,2749),(2750,60,7,2749),(2751,79,9,2749),(2752,100,11,2749),(2753,125,13,2749),(2754,81,15,2749),(2755,70,2,2756),(2757,70,7,2756),(2758,70,9,2756),(2759,70,11,2756),(2760,70,13,2756),(2761,70,15,2756),(2762,70,2,2763),(2764,70,7,2763),(2765,70,9,2763),(2766,70,11,2763),(2767,70,13,2763),(2768,70,15,2763),(2769,70,2,2770),(2771,70,7,2770),(2772,70,9,2770),(2773,70,11,2770),(2774,70,13,2770),(2775,70,15,2770),(2776,70,2,2777),(2778,70,7,2777),(2779,70,9,2777),(2780,70,11,2777),(2781,70,13,2777),(2782,70,15,2777),(2783,60,2,2784),(2785,90,7,2784),(2786,70,9,2784),(2787,60,11,2784),(2788,120,13,2784),(2789,40,15,2784),(2790,44,2,2791),(2792,75,7,2791),(2793,35,9,2791),(2794,63,11,2791),(2795,33,13,2791),(2796,45,15,2791),(2797,64,2,2798),(2799,115,7,2798),(2800,65,9,2798),(2801,83,11,2798),(2802,63,13,2798),(2803,65,15,2798),(2804,64,2,2805),(2806,165,7,2805),(2807,75,9,2805),(2808,93,11,2805),(2809,83,13,2805),(2810,75,15,2805),(2811,20,2,2812),(2813,40,7,2812),(2814,90,9,2812),(2815,30,11,2812),(2816,90,13,2812),(2817,25,15,2812),(2818,40,2,2819),(2820,70,7,2819),(2821,130,9,2819),(2822,60,11,2819),(2823,130,13,2819),(2824,25,15,2819),(2825,99,2,2826),(2827,68,7,2826),(2828,83,9,2826),(2829,72,11,2826),(2830,87,13,2826),(2831,51,15,2826),(2832,65,2,2833),(2834,50,7,2833),(2835,70,9,2833),(2836,95,11,2833),(2837,80,13,2833),(2838,65,15,2833),(2839,65,2,2840),(2841,130,7,2840),(2842,60,9,2840),(2843,75,11,2840),(2844,60,13,2840),(2845,75,15,2840),(2846,65,2,2847),(2848,150,7,2847),(2849,60,9,2847),(2850,115,11,2847),(2851,60,13,2847),(2852,115,15,2847),(2853,95,2,2854),(2855,23,7,2854),(2856,48,9,2854),(2857,23,11,2854),(2858,48,13,2854),(2859,23,15,2854),(2860,50,2,2861),(2862,50,7,2861),(2863,50,9,2861),(2864,50,11,2861),(2865,50,13,2861),(2866,50,15,2861),(2867,80,2,2868),(2869,80,7,2868),(2870,80,9,2868),(2871,80,11,2868),(2872,80,13,2868),(2873,80,15,2868),(2874,80,2,2875),(2876,120,7,2875),(2877,80,9,2875),(2878,120,11,2875),(2879,80,13,2875),(2880,100,15,2875),(2881,70,2,2882),(2883,40,7,2882),(2884,50,9,2882),(2885,55,11,2882),(2886,50,13,2882),(2887,25,15,2882),(2888,90,2,2889),(2890,60,7,2889),(2891,70,9,2889),(2892,75,11,2889),(2893,70,13,2889),(2894,45,15,2889),(2895,110,2,2896),(2897,80,7,2896),(2898,90,9,2896),(2899,95,11,2896),(2900,90,13,2896),(2901,65,15,2896),(2902,35,2,2903),(2904,64,7,2903),(2905,85,9,2903),(2906,74,11,2903),(2907,55,13,2903),(2908,32,15,2903),(2909,55,2,2910),(2911,104,7,2910),(2912,105,9,2910),(2913,94,11,2910),(2914,75,13,2910),(2915,52,15,2910),(2916,55,2,2917),(2918,84,7,2917),(2919,105,9,2917),(2920,114,11,2917),(2921,75,13,2917),(2922,52,15,2917),(2923,100,2,2924),(2925,90,7,2924),(2926,130,9,2924),(2927,45,11,2924),(2928,65,13,2924),(2929,55,15,2924),(2930,43,2,2931),(2932,30,7,2931),(2933,55,9,2931),(2934,40,11,2931),(2935,65,13,2931),(2936,97,15,2931),(2937,45,2,2938),(2939,75,7,2938),(2940,60,9,2938),(2941,40,11,2938),(2942,30,13,2938),(2943,50,15,2938),(2944,65,2,2945),(2946,95,7,2945),(2947,100,9,2945),(2948,60,11,2945),(2949,50,13,2945),(2950,50,15,2945),(2951,95,2,2952),(2953,135,7,2952),(2954,80,9,2952),(2955,110,11,2952),(2956,80,13,2952),(2957,100,15,2952),(2958,95,2,2959),(2960,145,7,2959),(2961,130,9,2959),(2962,120,11,2959),(2963,90,13,2959),(2964,120,15,2959),(2965,40,2,2966),(2967,55,7,2966),(2968,80,9,2966),(2969,35,11,2966),(2970,60,13,2966),(2971,30,15,2966),(2972,60,2,2973),(2974,75,7,2973),(2975,100,9,2973),(2976,55,11,2973),(2977,80,13,2973),(2978,50,15,2973),(2979,80,2,2980),(2981,135,7,2980),(2982,130,9,2980),(2983,95,11,2980),(2984,90,13,2980),(2985,70,15,2980),(2986,80,2,2987),(2988,145,7,2987),(2989,150,9,2987),(2990,105,11,2987),(2991,110,13,2987),(2992,110,15,2987),(2993,80,2,2994),(2995,100,7,2994),(2996,200,9,2994),(2997,50,11,2994),(2998,100,13,2994),(2999,50,15,2994),(3000,80,2,3001),(3002,50,7,3001),(3003,100,9,3001),(3004,100,11,3001),(3005,200,13,3001),(3006,50,15,3001),(3007,80,2,3008),(3009,75,7,3008),(3010,150,9,3008),(3011,75,11,3008),(3012,150,13,3008),(3013,50,15,3008),(3014,80,2,3015),(3016,80,7,3015),(3017,90,9,3015),(3018,110,11,3015),(3019,130,13,3015),(3020,110,15,3015),(3021,80,2,3022),(3023,100,7,3022),(3024,120,9,3022),(3025,140,11,3022),(3026,150,13,3022),(3027,110,15,3022),(3028,80,2,3029),(3030,90,7,3029),(3031,80,9,3029),(3032,130,11,3029),(3033,110,13,3029),(3034,110,15,3029),(3035,80,2,3036),(3037,130,7,3036),(3038,100,9,3036),(3039,160,11,3036),(3040,120,13,3036),(3041,110,15,3036),(3042,100,2,3043),(3044,100,7,3043),(3045,90,9,3043),(3046,150,11,3043),(3047,140,13,3043),(3048,90,15,3043),(3049,100,2,3050),(3051,150,7,3050),(3052,90,9,3050),(3053,180,11,3050),(3054,160,13,3050),(3055,90,15,3050),(3056,100,2,3057),(3058,150,7,3057),(3059,140,9,3057),(3060,100,11,3057),(3061,90,13,3057),(3062,90,15,3057),(3063,100,2,3064),(3065,180,7,3064),(3066,160,9,3064),(3067,150,11,3064),(3068,90,13,3064),(3069,90,15,3064),(3070,105,2,3071),(3072,150,7,3071),(3073,90,9,3071),(3074,150,11,3071),(3075,90,13,3071),(3076,95,15,3071),(3077,105,2,3078),(3079,180,7,3078),(3080,100,9,3078),(3081,180,11,3078),(3082,100,13,3078),(3083,115,15,3078),(3084,100,2,3085),(3086,100,7,3085),(3087,100,9,3085),(3088,100,11,3085),(3089,100,13,3085),(3090,100,15,3085),(3091,50,2,3092),(3093,150,7,3092),(3094,50,9,3092),(3095,150,11,3092),(3096,50,13,3092),(3097,150,15,3092),(3098,50,2,3099),(3100,180,7,3099),(3101,20,9,3099),(3102,180,11,3099),(3103,20,13,3099),(3104,150,15,3099),(3105,50,2,3106),(3107,70,7,3106),(3108,160,9,3106),(3109,70,11,3106),(3110,160,13,3106),(3111,90,15,3106),(3112,50,2,3113),(3114,95,7,3113),(3115,90,9,3113),(3116,95,11,3113),(3117,90,13,3113),(3118,180,15,3113),(3119,55,2,3120),(3121,68,7,3120),(3122,64,9,3120),(3123,45,11,3120),(3124,55,13,3120),(3125,31,15,3120),(3126,75,2,3127),(3128,89,7,3127),(3129,85,9,3127),(3130,55,11,3127),(3131,65,13,3127),(3132,36,15,3127),(3133,95,2,3134),(3135,109,7,3134),(3136,105,9,3134),(3137,75,11,3134),(3138,85,13,3134),(3139,56,15,3134),(3140,44,2,3141),(3142,58,7,3141),(3143,44,9,3141),(3144,58,11,3141),(3145,44,13,3141),(3146,61,15,3141),(3147,64,2,3148),(3149,78,7,3148),(3150,52,9,3148),(3151,78,11,3148),(3152,52,13,3148),(3153,81,15,3148),(3154,76,2,3155),(3156,104,7,3155),(3157,71,9,3155),(3158,104,11,3155),(3159,71,13,3155),(3160,108,15,3155),(3161,53,2,3162),(3163,51,7,3162),(3164,53,9,3162),(3165,61,11,3162),(3166,56,13,3162),(3167,40,15,3162),(3168,64,2,3169),(3170,66,7,3169),(3171,68,9,3169),(3172,81,11,3169),(3173,76,13,3169),(3174,50,15,3169),(3175,84,2,3176),(3177,86,7,3176),(3178,88,9,3176),(3179,111,11,3176),(3180,101,13,3176),(3181,60,15,3176),(3182,40,2,3183),(3184,55,7,3183),(3185,30,9,3183),(3186,30,11,3183),(3187,30,13,3183),(3188,60,15,3183),(3189,55,2,3190),(3191,75,7,3190),(3192,50,9,3190),(3193,40,11,3190),(3194,40,13,3190),(3195,80,15,3190),(3196,85,2,3197),(3198,120,7,3197),(3199,70,9,3197),(3200,50,11,3197),(3201,60,13,3197),(3202,100,15,3197),(3203,59,2,3204),(3205,45,7,3204),(3206,40,9,3204),(3207,35,11,3204),(3208,40,13,3204),(3209,31,15,3204),(3210,79,2,3211),(3212,85,7,3211),(3213,60,9,3211),(3214,55,11,3211),(3215,60,13,3211),(3216,71,15,3211),(3217,37,2,3218),(3219,25,7,3218),(3220,41,9,3218),(3221,25,11,3218),(3222,41,13,3218),(3223,25,15,3218),(3224,77,2,3225),(3226,85,7,3225),(3227,51,9,3225),(3228,55,11,3225),(3229,51,13,3225),(3230,65,15,3225),(3231,45,2,3232),(3233,65,7,3232),(3234,34,9,3232),(3235,40,11,3232),(3236,34,13,3232),(3237,45,15,3232),(3238,60,2,3239),(3240,85,7,3239),(3241,49,9,3239),(3242,60,11,3239),(3243,49,13,3239),(3244,60,15,3239),(3245,80,2,3246),(3247,120,7,3246),(3248,79,9,3246),(3249,95,11,3246),(3250,79,13,3246),(3251,70,15,3246),(3252,40,2,3253),(3254,30,7,3253),(3255,35,9,3253),(3256,50,11,3253),(3257,70,13,3253),(3258,55,15,3253),(3259,60,2,3260),(3261,70,7,3260),(3262,65,9,3260),(3263,125,11,3260),(3264,105,13,3260),(3265,90,15,3260),(3266,67,2,3267),(3268,125,7,3267),(3269,40,9,3267),(3270,30,11,3267),(3271,30,13,3267),(3272,58,15,3267),(3273,97,2,3274),(3275,165,7,3274),(3276,60,9,3274),(3277,65,11,3274),(3278,50,13,3274),(3279,58,15,3274),(3280,30,2,3281),(3282,42,7,3281),(3283,118,9,3281),(3284,42,11,3281),(3285,88,13,3281),(3286,30,15,3281),(3287,60,2,3288),(3289,52,7,3288),(3290,168,9,3288),(3291,47,11,3288),(3292,138,13,3288),(3293,30,15,3288),(3294,40,2,3295),(3296,29,7,3295),(3297,45,9,3295),(3298,29,11,3295),(3299,45,13,3295),(3300,36,15,3295),(3301,60,2,3302),(3303,59,7,3302),(3304,85,9,3302),(3305,79,11,3302),(3306,105,13,3302),(3307,36,15,3302),(3308,60,2,3309),(3310,79,7,3309),(3311,105,9,3309),(3312,59,11,3309),(3313,85,13,3309),(3314,36,15,3309),(3315,60,2,3316),(3317,69,7,3316),(3318,95,9,3316),(3319,69,11,3316),(3320,95,13,3316),(3321,36,15,3316),(3322,70,2,3323),(3324,94,7,3323),(3325,50,9,3323),(3326,94,11,3323),(3327,50,13,3323),(3328,66,15,3323),(3329,30,2,3330),(3331,30,7,3330),(3332,42,9,3330),(3333,30,11,3330),(3334,42,13,3330),(3335,70,15,3330),(3336,70,2,3337),(3338,80,7,3337),(3339,102,9,3337),(3340,80,11,3337),(3341,102,13,3337),(3342,40,15,3337),(3343,60,2,3344),(3345,45,7,3344),(3346,70,9,3344),(3347,45,11,3344),(3348,90,13,3344),(3349,95,15,3344),(3350,55,2,3351),(3352,65,7,3351),(3353,35,9,3351),(3354,60,11,3351),(3355,30,13,3351),(3356,85,15,3351),(3357,85,2,3358),(3359,105,7,3358),(3360,55,9,3358),(3361,85,11,3358),(3362,50,13,3358),(3363,115,15,3358),(3364,45,2,3365),(3366,35,7,3365),(3367,45,9,3365),(3368,62,11,3365),(3369,53,13,3365),(3370,35,15,3365),(3371,70,2,3372),(3373,60,7,3372),(3374,70,9,3372),(3375,87,11,3372),(3376,78,13,3372),(3377,85,15,3372),(3378,70,2,3379),(3380,60,7,3379),(3381,70,9,3379),(3382,87,11,3379),(3383,78,13,3379),(3384,85,15,3379),(3385,76,2,3386),(3387,48,7,3386),(3388,48,9,3386),(3389,57,11,3386),(3390,62,13,3386),(3391,34,15,3386),(3392,111,2,3393),(3394,83,7,3393),(3395,68,9,3393),(3396,92,11,3393),(3397,82,13,3393),(3398,39,15,3393),(3399,75,2,3400),(3401,100,7,3400),(3402,66,9,3400),(3403,60,11,3400),(3404,66,13,3400),(3405,115,15,3400),(3406,90,2,3407),(3408,50,7,3407),(3409,34,9,3407),(3410,60,11,3407),(3411,44,13,3407),(3412,70,15,3407),(3413,150,2,3414),(3415,80,7,3414),(3416,44,9,3414),(3417,90,11,3414),(3418,54,13,3414),(3419,80,15,3414),(3420,55,2,3421),(3422,66,7,3421),(3423,44,9,3421),(3424,44,11,3421),(3425,56,13,3421),(3426,85,15,3421),(3427,65,2,3428),(3429,76,7,3428),(3430,84,9,3428),(3431,54,11,3428),(3432,96,13,3428),(3433,105,15,3428),(3434,65,2,3435),(3436,136,7,3435),(3437,94,9,3435),(3438,54,11,3435),(3439,96,13,3435),(3440,135,15,3435),(3441,60,2,3442),(3443,60,7,3442),(3444,60,9,3442),(3445,105,11,3442),(3446,105,13,3442),(3447,105,15,3442),(3448,100,2,3449),(3450,125,7,3449),(3451,52,9,3449),(3452,105,11,3449),(3453,52,13,3449),(3454,71,15,3449),(3455,49,2,3456),(3457,55,7,3456),(3458,42,9,3456),(3459,42,11,3456),(3460,37,13,3456),(3461,85,15,3456),(3462,71,2,3463),(3464,82,7,3463),(3465,64,9,3463),(3466,64,11,3463),(3467,59,13,3463),(3468,112,15,3463),(3469,45,2,3470),(3471,30,7,3470),(3472,50,9,3470),(3473,65,11,3470),(3474,50,13,3470),(3475,45,15,3470),(3476,63,2,3477),(3478,63,7,3477),(3479,47,9,3477),(3480,41,11,3477),(3481,41,13,3477),(3482,74,15,3477),(3483,103,2,3484),(3485,93,7,3484),(3486,67,9,3484),(3487,71,11,3484),(3488,61,13,3484),(3489,84,15,3484),(3490,57,2,3491),(3492,24,7,3491),(3493,86,9,3491),(3494,24,11,3491),(3495,86,13,3491),(3496,23,15,3491),(3497,67,2,3498),(3499,89,7,3498),(3500,116,9,3498),(3501,79,11,3498),(3502,116,13,3498),(3503,33,15,3498),(3504,50,2,3505),(3506,80,7,3505),(3507,95,9,3505),(3508,10,11,3505),(3509,45,13,3505),(3510,10,15,3505),(3511,20,2,3512),(3513,25,7,3512),(3514,45,9,3512),(3515,70,11,3512),(3516,90,13,3512),(3517,60,15,3512),(3518,100,2,3519),(3520,5,7,3519),(3521,5,9,3519),(3522,15,11,3519),(3523,65,13,3519),(3524,30,15,3519),(3525,76,2,3526),(3527,65,7,3526),(3528,45,9,3526),(3529,92,11,3526),(3530,42,13,3526),(3531,91,15,3526),(3532,50,2,3533),(3534,92,7,3533),(3535,108,9,3533),(3536,92,11,3533),(3537,108,13,3533),(3538,35,15,3533),(3539,58,2,3540),(3541,70,7,3540),(3542,45,9,3540),(3543,40,11,3540),(3544,45,13,3540),(3545,42,15,3540),(3546,68,2,3547),(3548,90,7,3547),(3549,65,9,3547),(3550,50,11,3547),(3551,55,13,3547),(3552,82,15,3547),(3553,108,2,3554),(3555,130,7,3554),(3556,95,9,3554),(3557,80,11,3554),(3558,85,13,3554),(3559,102,15,3554),(3560,108,2,3561),(3562,170,7,3561),(3563,115,9,3561),(3564,120,11,3561),(3565,95,13,3561),(3566,92,15,3561),(3567,135,2,3568),(3569,85,7,3568),(3570,40,9,3568),(3571,40,11,3568),(3572,85,13,3568),(3573,5,15,3568),(3574,40,2,3575),(3576,70,7,3575),(3577,40,9,3575),(3578,35,11,3575),(3579,40,13,3575),(3580,60,15,3575),(3581,70,2,3582),(3583,110,7,3582),(3584,70,9,3582),(3585,115,11,3582),(3586,70,13,3582),(3587,90,15,3582),(3588,70,2,3589),(3590,145,7,3589),(3591,88,9,3589),(3592,140,11,3589),(3593,70,13,3589),(3594,112,15,3589),(3595,68,2,3596),(3597,72,7,3596),(3598,78,9,3596),(3599,38,11,3596),(3600,42,13,3596),(3601,32,15,3596),(3602,108,2,3603),(3604,112,7,3603),(3605,118,9,3603),(3606,68,11,3603),(3607,72,13,3603),(3608,47,15,3603),(3609,40,2,3610),(3611,50,7,3610),(3612,90,9,3610),(3613,30,11,3610),(3614,55,13,3610),(3615,65,15,3610),(3616,70,2,3617),(3618,90,7,3617),(3619,110,9,3617),(3620,60,11,3617),(3621,75,13,3617),(3622,95,15,3617),(3623,48,2,3624),(3625,61,7,3624),(3626,40,9,3624),(3627,61,11,3624),(3628,40,13,3624),(3629,50,15,3624),(3630,83,2,3631),(3632,106,7,3631),(3633,65,9,3631),(3634,86,11,3631),(3635,65,13,3631),(3636,85,15,3631),(3637,74,2,3638),(3639,100,7,3638),(3640,72,9,3638),(3641,90,11,3638),(3642,72,13,3638),(3643,46,15,3638),(3644,49,2,3645),(3646,49,7,3645),(3647,56,9,3645),(3648,49,11,3645),(3649,61,13,3645),(3650,66,15,3645),(3651,69,2,3652),(3653,69,7,3652),(3654,76,9,3652),(3655,69,11,3652),(3656,86,13,3652),(3657,91,15,3652),(3658,45,2,3659),(3660,20,7,3659),(3661,50,9,3659),(3662,60,11,3659),(3663,120,13,3659),(3664,50,15,3659),(3665,60,2,3666),(3667,62,7,3666),(3668,50,9,3666),(3669,62,11,3666),(3670,60,13,3666),(3671,40,15,3666),(3672,90,2,3673),(3674,92,7,3673),(3675,75,9,3673),(3676,92,11,3673),(3677,85,13,3673),(3678,60,15,3673),(3679,90,2,3680),(3681,132,7,3680),(3682,105,9,3680),(3683,132,11,3680),(3684,105,13,3680),(3685,30,15,3680),(3686,70,2,3687),(3688,120,7,3687),(3689,65,9,3687),(3690,45,11,3687),(3691,85,13,3687),(3692,125,15,3687),(3693,70,2,3694),(3695,70,7,3694),(3696,115,9,3694),(3697,130,11,3694),(3698,90,13,3694),(3699,60,15,3694),(3700,110,2,3701),(3702,85,7,3701),(3703,95,9,3701),(3704,80,11,3701),(3705,95,13,3701),(3706,50,15,3701),(3707,115,2,3708),(3709,140,7,3708),(3710,130,9,3708),(3711,55,11,3708),(3712,55,13,3708),(3713,40,15,3708),(3714,100,2,3715),(3716,100,7,3715),(3717,125,9,3715),(3718,110,11,3715),(3719,50,13,3715),(3720,50,15,3715),(3721,75,2,3722),(3723,123,7,3722),(3724,67,9,3722),(3725,95,11,3722),(3726,85,13,3722),(3727,95,15,3722),(3728,75,2,3729),(3730,95,7,3729),(3731,67,9,3729),(3732,125,11,3729),(3733,95,13,3729),(3734,83,15,3729),(3735,85,2,3736),(3737,50,7,3736),(3738,95,9,3736),(3739,120,11,3736),(3740,115,13,3736),(3741,80,15,3736),(3742,86,2,3743),(3744,76,7,3743),(3745,86,9,3743),(3746,116,11,3743),(3747,56,13,3743),(3748,95,15,3743),(3749,65,2,3750),(3751,110,7,3750),(3752,130,9,3750),(3753,60,11,3750),(3754,65,13,3750),(3755,95,15,3750),(3756,65,2,3757),(3758,60,7,3757),(3759,110,9,3757),(3760,130,11,3757),(3761,95,13,3757),(3762,65,15,3757),(3763,75,2,3764),(3765,95,7,3764),(3766,125,9,3764),(3767,45,11,3764),(3768,75,13,3764),(3769,95,15,3764),(3770,110,2,3771),(3772,130,7,3771),(3773,80,9,3771),(3774,70,11,3771),(3775,60,13,3771),(3776,80,15,3771),(3777,85,2,3778),(3779,80,7,3778),(3780,70,9,3778),(3781,135,11,3778),(3782,75,13,3778),(3783,90,15,3778),(3784,68,2,3785),(3786,125,7,3785),(3787,65,9,3785),(3788,65,11,3785),(3789,115,13,3785),(3790,80,15,3785),(3791,68,2,3792),(3793,165,7,3792),(3794,95,9,3792),(3795,65,11,3792),(3796,115,13,3792),(3797,110,15,3792),(3798,60,2,3799),(3800,55,7,3799),(3801,145,9,3799),(3802,75,11,3799),(3803,150,13,3799),(3804,40,15,3799),(3805,45,2,3806),(3807,100,7,3806),(3808,135,9,3806),(3809,65,11,3806),(3810,135,13,3806),(3811,45,15,3806),(3812,70,2,3813),(3814,80,7,3813),(3815,70,9,3813),(3816,80,11,3813),(3817,70,13,3813),(3818,110,15,3813),(3819,50,2,3820),(3821,50,7,3820),(3822,77,9,3820),(3823,95,11,3820),(3824,77,13,3820),(3825,91,15,3820),(3826,50,2,3827),(3828,65,7,3827),(3829,107,9,3827),(3830,105,11,3827),(3831,107,13,3827),(3832,86,15,3827),(3833,50,2,3834),(3835,65,7,3834),(3836,107,9,3834),(3837,105,11,3834),(3838,107,13,3834),(3839,86,15,3834),(3840,50,2,3841),(3842,65,7,3841),(3843,107,9,3841),(3844,105,11,3841),(3845,107,13,3841),(3846,86,15,3841),(3847,50,2,3848),(3849,65,7,3848),(3850,107,9,3848),(3851,105,11,3848),(3852,107,13,3848),(3853,86,15,3848),(3854,50,2,3855),(3856,65,7,3855),(3857,107,9,3855),(3858,105,11,3855),(3859,107,13,3855),(3860,86,15,3855),(3861,75,2,3862),(3863,75,7,3862),(3864,130,9,3862),(3865,75,11,3862),(3866,130,13,3862),(3867,95,15,3862),(3868,80,2,3869),(3870,105,7,3869),(3871,105,9,3869),(3872,105,11,3869),(3873,105,13,3869),(3874,80,15,3869),(3875,75,2,3876),(3877,125,7,3876),(3878,70,9,3876),(3879,125,11,3876),(3880,70,13,3876),(3881,115,15,3876),(3882,100,2,3883),(3884,120,7,3883),(3885,120,9,3883),(3886,150,11,3883),(3887,100,13,3883),(3888,90,15,3883),(3889,90,2,3890),(3891,120,7,3890),(3892,100,9,3890),(3893,150,11,3890),(3894,120,13,3890),(3895,100,15,3890),(3896,91,2,3897),(3898,90,7,3897),(3899,106,9,3897),(3900,130,11,3897),(3901,106,13,3897),(3902,77,15,3897),(3903,110,2,3904),(3905,160,7,3904),(3906,110,9,3904),(3907,80,11,3904),(3908,110,13,3904),(3909,100,15,3904),(3910,150,2,3911),(3912,100,7,3911),(3913,120,9,3911),(3914,100,11,3911),(3915,120,13,3911),(3916,90,15,3911),(3917,150,2,3918),(3919,120,7,3918),(3920,100,9,3918),(3921,120,11,3918),(3922,100,13,3918),(3923,90,15,3918),(3924,120,2,3925),(3926,70,7,3925),(3927,120,9,3925),(3928,75,11,3925),(3929,130,13,3925),(3930,85,15,3925),(3931,80,2,3932),(3933,80,7,3932),(3934,80,9,3932),(3935,80,11,3932),(3936,80,13,3932),(3937,80,15,3932),(3938,100,2,3939),(3940,100,7,3939),(3941,100,9,3939),(3942,100,11,3939),(3943,100,13,3939),(3944,100,15,3939),(3945,70,2,3946),(3947,90,7,3946),(3948,90,9,3946),(3949,135,11,3946),(3950,90,13,3946),(3951,125,15,3946),(3952,100,2,3953),(3954,100,7,3953),(3955,100,9,3953),(3956,100,11,3953),(3957,100,13,3953),(3958,100,15,3953),(3959,100,2,3960),(3961,103,7,3960),(3962,75,9,3960),(3963,120,11,3960),(3964,75,13,3960),(3965,127,15,3960),(3966,120,2,3967),(3968,120,7,3967),(3969,120,9,3967),(3970,120,11,3967),(3971,120,13,3967),(3972,120,15,3967),(3973,120,2,3974),(3975,120,7,3974),(3976,120,9,3974),(3977,120,11,3974),(3978,120,13,3974),(3979,120,15,3974),(3980,120,2,3981),(3982,120,7,3981),(3983,120,9,3981),(3984,120,11,3981),(3985,120,13,3981),(3986,120,15,3981),(3987,120,2,3988),(3989,120,7,3988),(3990,120,9,3988),(3991,120,11,3988),(3992,120,13,3988),(3993,120,15,3988),(3994,120,2,3995),(3996,120,7,3995),(3997,120,9,3995),(3998,120,11,3995),(3999,120,13,3995),(4000,120,15,3995),(4001,120,2,4002),(4003,120,7,4002),(4004,120,9,4002),(4005,120,11,4002),(4006,120,13,4002),(4007,120,15,4002),(4008,120,2,4009),(4010,120,7,4009),(4011,120,9,4009),(4012,120,11,4009),(4013,120,13,4009),(4014,120,15,4009),(4015,120,2,4016),(4017,120,7,4016),(4018,120,9,4016),(4019,120,11,4016),(4020,120,13,4016),(4021,120,15,4016),(4022,120,2,4023),(4024,120,7,4023),(4025,120,9,4023),(4026,120,11,4023),(4027,120,13,4023),(4028,120,15,4023),(4029,120,2,4030),(4031,120,7,4030),(4032,120,9,4030),(4033,120,11,4030),(4034,120,13,4030),(4035,120,15,4030),(4036,120,2,4037),(4038,120,7,4037),(4039,120,9,4037),(4040,120,11,4037),(4041,120,13,4037),(4042,120,15,4037),(4043,120,2,4044),(4045,120,7,4044),(4046,120,9,4044),(4047,120,11,4044),(4048,120,13,4044),(4049,120,15,4044),(4050,120,2,4051),(4052,120,7,4051),(4053,120,9,4051),(4054,120,11,4051),(4055,120,13,4051),(4056,120,15,4051),(4057,120,2,4058),(4059,120,7,4058),(4060,120,9,4058),(4061,120,11,4058),(4062,120,13,4058),(4063,120,15,4058),(4064,120,2,4065),(4066,120,7,4065),(4067,120,9,4065),(4068,120,11,4065),(4069,120,13,4065),(4070,120,15,4065),(4071,120,2,4072),(4073,120,7,4072),(4074,120,9,4072),(4075,120,11,4072),(4076,120,13,4072),(4077,120,15,4072),(4078,120,2,4079),(4080,120,7,4079),(4081,120,9,4079),(4082,120,11,4079),(4083,120,13,4079),(4084,120,15,4079),(4085,120,2,4086),(4087,120,7,4086),(4088,120,9,4086),(4089,120,11,4086),(4090,120,13,4086),(4091,120,15,4086),(4092,100,2,4093),(4094,100,7,4093),(4095,100,9,4093),(4096,100,11,4093),(4097,100,13,4093),(4098,100,15,4093),(4099,45,2,4100),(4101,45,7,4100),(4102,55,9,4100),(4103,45,11,4100),(4104,55,13,4100),(4105,63,15,4100),(4106,60,2,4107),(4108,60,7,4107),(4109,75,9,4107),(4110,60,11,4107),(4111,75,13,4107),(4112,83,15,4107),(4113,75,2,4114),(4115,75,7,4114),(4116,95,9,4114),(4117,75,11,4114),(4118,95,13,4114),(4119,113,15,4114),(4120,65,2,4121),(4122,63,7,4121),(4123,45,9,4121),(4124,45,11,4121),(4125,45,13,4121),(4126,45,15,4121),(4127,90,2,4128),(4129,93,7,4128),(4130,55,9,4128),(4131,70,11,4128),(4132,55,13,4128),(4133,55,15,4128),(4134,110,2,4135),(4136,123,7,4135),(4137,65,9,4135),(4138,100,11,4135),(4139,65,13,4135),(4140,65,15,4135),(4141,55,2,4142),(4143,55,7,4142),(4144,45,9,4142),(4145,63,11,4142),(4146,45,13,4142),(4147,45,15,4142),(4148,75,2,4149),(4150,75,7,4149),(4151,60,9,4149),(4152,83,11,4149),(4153,60,13,4149),(4154,60,15,4149),(4155,95,2,4156),(4157,100,7,4156),(4158,85,9,4156),(4159,108,11,4156),(4160,70,13,4156),(4161,70,15,4156),(4162,45,2,4163),(4164,55,7,4163),(4165,39,9,4163),(4166,35,11,4163),(4167,39,13,4163),(4168,42,15,4163),(4169,60,2,4170),(4171,85,7,4170),(4172,69,9,4170),(4173,60,11,4170),(4174,69,13,4170),(4175,77,15,4170),(4176,45,2,4177),(4178,60,7,4177),(4179,45,9,4177),(4180,25,11,4177),(4181,45,13,4177),(4182,55,15,4177),(4183,65,2,4184),(4185,80,7,4184),(4186,65,9,4184),(4187,35,11,4184),(4188,65,13,4184),(4189,60,15,4184),(4190,85,2,4191),(4192,110,7,4191),(4193,90,9,4191),(4194,45,11,4191),(4195,90,13,4191),(4196,80,15,4191),(4197,41,2,4198),(4199,50,7,4198),(4200,37,9,4198),(4201,50,11,4198),(4202,37,13,4198),(4203,66,15,4198),(4204,64,2,4205),(4206,88,7,4205),(4207,50,9,4205),(4208,88,11,4205),(4209,50,13,4205),(4210,106,15,4205),(4211,50,2,4212),(4213,53,7,4212),(4214,48,9,4212),(4215,53,11,4212),(4216,48,13,4212),(4217,64,15,4212),(4218,75,2,4219),(4220,98,7,4219),(4221,63,9,4219),(4222,98,11,4219),(4223,63,13,4219),(4224,101,15,4219),(4225,50,2,4226),(4227,53,7,4226),(4228,48,9,4226),(4229,53,11,4226),(4230,48,13,4226),(4231,64,15,4226),(4232,75,2,4233),(4234,98,7,4233),(4235,63,9,4233),(4236,98,11,4233),(4237,63,13,4233),(4238,101,15,4233),(4239,50,2,4240),(4241,53,7,4240),(4242,48,9,4240),(4243,53,11,4240),(4244,48,13,4240),(4245,64,15,4240),(4246,75,2,4247),(4248,98,7,4247),(4249,63,9,4247),(4250,98,11,4247),(4251,63,13,4247),(4252,101,15,4247),(4253,76,2,4254),(4255,25,7,4254),(4256,45,9,4254),(4257,67,11,4254),(4258,55,13,4254),(4259,24,15,4254),(4260,116,2,4261),(4262,55,7,4261),(4263,85,9,4261),(4264,107,11,4261),(4265,95,13,4261),(4266,29,15,4261),(4267,50,2,4268),(4269,55,7,4268),(4270,50,9,4268),(4271,36,11,4268),(4272,30,13,4268),(4273,43,15,4268),(4274,62,2,4275),(4276,77,7,4275),(4277,62,9,4275),(4278,50,11,4275),(4279,42,13,4275),(4280,65,15,4275),(4281,80,2,4282),(4283,115,7,4282),(4284,80,9,4282),(4285,65,11,4282),(4286,55,13,4282),(4287,93,15,4282),(4288,45,2,4289),(4290,60,7,4289),(4291,32,9,4289),(4292,50,11,4289),(4293,32,13,4289),(4294,76,15,4289),(4295,75,2,4296),(4297,100,7,4296),(4298,63,9,4296),(4299,80,11,4296),(4300,63,13,4296),(4301,116,15,4296),(4302,55,2,4303),(4304,75,7,4303),(4305,85,9,4303),(4306,25,11,4303),(4307,25,13,4303),(4308,15,15,4303),(4309,70,2,4310),(4311,105,7,4310),(4312,105,9,4310),(4313,50,11,4310),(4314,40,13,4310),(4315,20,15,4310),(4316,85,2,4317),(4318,135,7,4317),(4319,130,9,4317),(4320,60,11,4317),(4321,80,13,4317),(4322,25,15,4317),(4323,55,2,4324),(4325,45,7,4324),(4326,43,9,4324),(4327,55,11,4324),(4328,43,13,4324),(4329,72,15,4324),(4330,67,2,4331),(4332,57,7,4331),(4333,55,9,4331),(4334,77,11,4331),(4335,55,13,4331),(4336,114,15,4331),(4337,60,2,4338),(4339,85,7,4338),(4340,40,9,4338),(4341,30,11,4338),(4342,45,13,4338),(4343,68,15,4338),(4344,110,2,4345),(4346,135,7,4345),(4347,60,9,4345),(4348,50,11,4345),(4349,65,13,4345),(4350,88,15,4345),(4351,103,2,4352),(4353,60,7,4352),(4354,86,9,4352),(4355,60,11,4352),(4356,86,13,4352),(4357,50,15,4352),(4358,103,2,4359),(4360,60,7,4359),(4361,126,9,4359),(4362,80,11,4359),(4363,126,13,4359),(4364,50,15,4359),(4365,75,2,4366),(4367,80,7,4366),(4368,55,9,4366),(4369,25,11,4366),(4370,35,13,4366),(4371,35,15,4366),(4372,85,2,4373),(4374,105,7,4373),(4375,85,9,4373),(4376,40,11,4373),(4377,50,13,4373),(4378,40,15,4373),(4379,105,2,4380),(4381,140,7,4380),(4382,95,9,4380),(4383,55,11,4380),(4384,65,13,4380),(4385,45,15,4380),(4386,50,2,4387),(4388,50,7,4387),(4389,40,9,4387),(4390,50,11,4387),(4391,40,13,4387),(4392,64,15,4387),(4393,75,2,4394),(4395,65,7,4394),(4396,55,9,4394),(4397,65,11,4394),(4398,55,13,4394),(4399,69,15,4394),(4400,105,2,4401),(4402,95,7,4401),(4403,75,9,4401),(4404,85,11,4401),(4405,75,13,4401),(4406,74,15,4401),(4407,120,2,4408),(4409,100,7,4408),(4410,85,9,4408),(4411,30,11,4408),(4412,85,13,4408),(4413,45,15,4408),(4414,75,2,4415),(4416,125,7,4415),(4417,75,9,4415),(4418,30,11,4415),(4419,75,13,4415),(4420,85,15,4415),(4421,45,2,4422),(4423,53,7,4422),(4424,70,9,4422),(4425,40,11,4422),(4426,60,13,4422),(4427,42,15,4422),(4428,55,2,4429),(4430,63,7,4429),(4431,90,9,4429),(4432,50,11,4429),(4433,80,13,4429),(4434,42,15,4429),(4435,75,2,4436),(4437,103,7,4436),(4438,80,9,4436),(4439,70,11,4436),(4440,80,13,4436),(4441,92,15,4436),(4442,30,2,4443),(4444,45,7,4443),(4445,59,9,4443),(4446,30,11,4443),(4447,39,13,4443),(4448,57,15,4443),(4449,40,2,4450),(4451,55,7,4450),(4452,99,9,4450),(4453,40,11,4450),(4454,79,13,4450),(4455,47,15,4450),(4456,60,2,4457),(4458,100,7,4457),(4459,89,9,4457),(4460,55,11,4457),(4461,69,13,4457),(4462,112,15,4457),(4463,40,2,4464),(4465,27,7,4464),(4466,60,9,4464),(4467,37,11,4464),(4468,50,13,4464),(4469,66,15,4464),(4470,60,2,4471),(4472,67,7,4471),(4473,85,9,4471),(4474,77,11,4471),(4475,75,13,4471),(4476,116,15,4471),(4477,45,2,4478),(4479,35,7,4478),(4480,50,9,4478),(4481,70,11,4478),(4482,50,13,4478),(4483,30,15,4478),(4484,70,2,4485),(4486,60,7,4485),(4487,75,9,4485),(4488,110,11,4485),(4489,75,13,4485),(4490,90,15,4485),(4491,70,2,4492),(4493,92,7,4492),(4494,65,9,4492),(4495,80,11,4492),(4496,55,13,4492),(4497,98,15,4492),(4498,70,2,4499),(4500,92,7,4499),(4501,65,9,4499),(4502,80,11,4499),(4503,55,13,4499),(4504,98,15,4499),(4505,50,2,4506),(4507,72,7,4506),(4508,35,9,4506),(4509,35,11,4506),(4510,35,13,4506),(4511,65,15,4506),(4512,60,2,4513),(4514,82,7,4513),(4515,45,9,4513),(4516,45,11,4513),(4517,45,13,4513),(4518,74,15,4513),(4519,95,2,4520),(4521,117,7,4520),(4522,80,9,4520),(4523,65,11,4520),(4524,70,13,4520),(4525,92,15,4520),(4526,70,2,4527),(4528,90,7,4527),(4529,45,9,4527),(4530,15,11,4527),(4531,45,13,4527),(4532,50,15,4527),(4533,105,2,4534),(4535,140,7,4534),(4536,55,9,4534),(4537,30,11,4534),(4538,55,13,4534),(4539,95,15,4534),(4540,105,2,4541),(4542,30,7,4541),(4543,105,9,4541),(4544,140,11,4541),(4545,105,13,4541),(4546,55,15,4541),(4547,75,2,4548),(4549,86,7,4548),(4550,67,9,4548),(4551,106,11,4548),(4552,67,13,4548),(4553,60,15,4548),(4554,50,2,4555),(4556,65,7,4555),(4557,85,9,4555),(4558,35,11,4555),(4559,35,13,4555),(4560,55,15,4555),(4561,70,2,4562),(4563,95,7,4562),(4564,125,9,4562),(4565,65,11,4562),(4566,75,13,4562),(4567,45,15,4562),(4568,50,2,4569),(4570,75,7,4569),(4571,70,9,4569),(4572,35,11,4569),(4573,70,13,4569),(4574,48,15,4569),(4575,65,2,4576),(4577,90,7,4576),(4578,115,9,4576),(4579,45,11,4576),(4580,115,13,4576),(4581,58,15,4576),(4582,72,2,4583),(4584,58,7,4583),(4585,80,9,4583),(4586,103,11,4583),(4587,80,13,4583),(4588,97,15,4583),(4589,38,2,4590),(4591,30,7,4590),(4592,85,9,4590),(4593,55,11,4590),(4594,65,13,4590),(4595,30,15,4590),(4596,58,2,4597),(4598,50,7,4597),(4599,145,9,4597),(4600,95,11,4597),(4601,105,13,4597),(4602,30,15,4597),(4603,54,2,4604),(4605,78,7,4604),(4606,103,9,4604),(4607,53,11,4604),(4608,45,13,4604),(4609,22,15,4604),(4610,74,2,4611),(4612,108,7,4611),(4613,133,9,4611),(4614,83,11,4611),(4615,65,13,4611),(4616,32,15,4611),(4617,55,2,4618),(4619,112,7,4618),(4620,45,9,4618),(4621,74,11,4618),(4622,45,13,4618),(4623,70,15,4618),(4624,75,2,4625),(4626,140,7,4625),(4627,65,9,4625),(4628,112,11,4625),(4629,65,13,4625),(4630,110,15,4625),(4631,50,2,4632),(4633,50,7,4632),(4634,62,9,4632),(4635,40,11,4632),(4636,62,13,4632),(4637,65,15,4632),(4638,80,2,4639),(4640,95,7,4639),(4641,82,9,4639),(4642,60,11,4639),(4643,82,13,4639),(4644,75,15,4639),(4645,40,2,4646),(4647,65,7,4646),(4648,40,9,4646),(4649,80,11,4646),(4650,40,13,4646),(4651,65,15,4646),(4652,60,2,4653),(4654,105,7,4653),(4655,60,9,4653),(4656,120,11,4653),(4657,60,13,4653),(4658,105,15,4653),(4659,55,2,4660),(4661,50,7,4660),(4662,40,9,4660),(4663,40,11,4660),(4664,40,13,4660),(4665,75,15,4660),(4666,75,2,4667),(4668,95,7,4667),(4669,60,9,4667),(4670,65,11,4667),(4671,60,13,4667),(4672,115,15,4667),(4673,45,2,4674),(4675,30,7,4674),(4676,50,9,4674),(4677,55,11,4674),(4678,65,13,4674),(4679,45,15,4674),(4680,60,2,4681),(4682,45,7,4681),(4683,70,9,4681),(4684,75,11,4681),(4685,85,13,4681),(4686,55,15,4681),(4687,70,2,4688),(4689,55,7,4688),(4690,95,9,4688),(4691,95,11,4688),(4692,110,13,4688),(4693,65,15,4688),(4694,45,2,4695),(4696,30,7,4695),(4697,40,9,4695),(4698,105,11,4695),(4699,50,13,4695),(4700,20,15,4695),(4701,65,2,4702),(4703,40,7,4702),(4704,50,9,4702),(4705,125,11,4702),(4706,60,13,4702),(4707,30,15,4702),(4708,110,2,4709),(4710,65,7,4709),(4711,75,9,4709),(4712,125,11,4709),(4713,85,13,4709),(4714,30,15,4709),(4715,62,2,4716),(4717,44,7,4716),(4718,50,9,4716),(4719,44,11,4716),(4720,50,13,4716),(4721,55,15,4716),(4722,75,2,4723),(4724,87,7,4723),(4725,63,9,4723),(4726,87,11,4723),(4727,63,13,4723),(4728,98,15,4723),(4729,36,2,4730),(4731,50,7,4730),(4732,50,9,4730),(4733,65,11,4730),(4734,60,13,4730),(4735,44,15,4730),(4736,51,2,4737),(4738,65,7,4737),(4739,65,9,4737),(4740,80,11,4737),(4741,75,13,4737),(4742,59,15,4737),(4743,71,2,4744),(4745,95,7,4744),(4746,85,9,4744),(4747,110,11,4744),(4748,95,13,4744),(4749,79,15,4744),(4750,60,2,4751),(4752,60,7,4751),(4753,50,9,4751),(4754,40,11,4751),(4755,50,13,4751),(4756,75,15,4751),(4757,80,2,4758),(4759,100,7,4758),(4760,70,9,4758),(4761,60,11,4758),(4762,70,13,4758),(4763,95,15,4758),(4764,55,2,4765),(4766,75,7,4765),(4767,60,9,4765),(4768,75,11,4765),(4769,60,13,4765),(4770,103,15,4765),(4771,50,2,4772),(4773,75,7,4772),(4774,45,9,4772),(4775,40,11,4772),(4776,45,13,4772),(4777,60,15,4772),(4778,70,2,4779),(4780,135,7,4779),(4781,105,9,4779),(4782,60,11,4779),(4783,105,13,4779),(4784,20,15,4779),(4785,69,2,4786),(4787,55,7,4786),(4788,45,9,4786),(4789,55,11,4786),(4790,55,13,4786),(4791,15,15,4786),(4792,114,2,4793),(4794,85,7,4793),(4795,70,9,4793),(4796,85,11,4793),(4797,80,13,4793),(4798,30,15,4793),(4799,55,2,4800),(4801,40,7,4800),(4802,50,9,4800),(4803,65,11,4800),(4804,85,13,4800),(4805,40,15,4800),(4806,100,2,4807),(4808,60,7,4807),(4809,70,9,4807),(4810,85,11,4807),(4811,105,13,4807),(4812,60,15,4807),(4813,165,2,4814),(4815,75,7,4814),(4816,80,9,4814),(4817,40,11,4814),(4818,45,13,4814),(4819,65,15,4814),(4820,50,2,4821),(4822,47,7,4821),(4823,50,9,4821),(4824,57,11,4821),(4825,50,13,4821),(4826,65,15,4821),(4827,70,2,4828),(4829,77,7,4828),(4830,60,9,4828),(4831,97,11,4828),(4832,60,13,4828),(4833,108,15,4828),(4834,44,2,4835),(4836,50,7,4835),(4837,91,9,4835),(4838,24,11,4835),(4839,86,13,4835),(4840,10,15,4835),(4841,74,2,4842),(4843,94,7,4842),(4844,131,9,4842),(4845,54,11,4842),(4846,116,13,4842),(4847,20,15,4842),(4848,40,2,4849),(4850,55,7,4849),(4851,70,9,4849),(4852,45,11,4849),(4853,60,13,4849),(4854,30,15,4849),(4855,60,2,4856),(4857,80,7,4856),(4858,95,9,4856),(4859,70,11,4856),(4860,85,13,4856),(4861,50,15,4856),(4862,60,2,4863),(4864,100,7,4863),(4865,115,9,4863),(4866,70,11,4863),(4867,85,13,4863),(4868,90,15,4863),(4869,35,2,4870),(4871,55,7,4870),(4872,40,9,4870),(4873,45,11,4870),(4874,40,13,4870),(4875,60,15,4870),(4876,65,2,4877),(4878,85,7,4877),(4879,70,9,4877),(4880,75,11,4877),(4881,70,13,4877),(4882,40,15,4877),(4883,85,2,4884),(4885,115,7,4884),(4886,80,9,4884),(4887,105,11,4884),(4888,80,13,4884),(4889,50,15,4884),(4890,55,2,4891),(4892,55,7,4891),(4893,55,9,4891),(4894,85,11,4891),(4895,55,13,4891),(4896,30,15,4891),(4897,75,2,4898),(4899,75,7,4898),(4900,75,9,4898),(4901,125,11,4898),(4902,95,13,4898),(4903,40,15,4898),(4904,50,2,4905),(4906,30,7,4905),(4907,55,9,4905),(4908,65,11,4905),(4909,55,13,4905),(4910,20,15,4905),(4911,60,2,4912),(4913,40,7,4912),(4914,60,9,4912),(4915,95,11,4912),(4916,60,13,4912),(4917,55,15,4912),(4918,60,2,4919),(4920,55,7,4919),(4921,90,9,4919),(4922,145,11,4919),(4923,90,13,4919),(4924,80,15,4919),(4925,46,2,4926),(4927,87,7,4926),(4928,60,9,4926),(4929,30,11,4926),(4930,40,13,4926),(4931,57,15,4926),(4932,66,2,4933),(4934,117,7,4933),(4935,70,9,4933),(4936,40,11,4933),(4937,50,13,4933),(4938,67,15,4933),(4939,76,2,4940),(4941,147,7,4940),(4942,90,9,4940),(4943,60,11,4940),(4944,70,13,4940),(4945,97,15,4940),(4946,55,2,4947),(4948,70,7,4947),(4949,40,9,4947),(4950,60,11,4947),(4951,40,13,4947),(4952,40,15,4947),(4953,95,2,4954),(4955,110,7,4954),(4956,80,9,4954),(4957,70,11,4954),(4958,80,13,4954),(4959,50,15,4954),(4960,70,2,4961),(4962,50,7,4961),(4963,30,9,4961),(4964,95,11,4961),(4965,135,13,4961),(4966,105,15,4961),(4967,50,2,4968),(4969,40,7,4968),(4970,85,9,4968),(4971,40,11,4968),(4972,65,13,4968),(4973,25,15,4968),(4974,80,2,4975),(4976,70,7,4975),(4977,40,9,4975),(4978,100,11,4975),(4979,60,13,4975),(4980,145,15,4975),(4981,109,2,4982),(4983,66,7,4982),(4984,84,9,4982),(4985,81,11,4982),(4986,99,13,4982),(4987,32,15,4982),(4988,45,2,4989),(4990,85,7,4989),(4991,50,9,4989),(4992,55,11,4989),(4993,50,13,4989),(4994,65,15,4989),(4995,65,2,4996),(4997,125,7,4996),(4998,60,9,4996),(4999,95,11,4996),(5000,60,13,4996),(5001,105,15,4996),(5002,77,2,5003),(5004,120,7,5003),(5005,90,9,5003),(5006,60,11,5003),(5007,90,13,5003),(5008,48,15,5003),(5009,59,2,5010),(5011,74,7,5010),(5012,50,9,5010),(5013,35,11,5010),(5014,50,13,5010),(5015,35,15,5010),(5016,89,2,5017),(5018,124,7,5017),(5019,80,9,5017),(5020,55,11,5017),(5021,80,13,5017),(5022,55,15,5017),(5023,45,2,5024),(5025,85,7,5024),(5026,70,9,5024),(5027,40,11,5024),(5028,40,13,5024),(5029,60,15,5024),(5030,65,2,5031),(5032,125,7,5031),(5033,100,9,5031),(5034,60,11,5031),(5035,70,13,5031),(5036,70,15,5031),(5037,95,2,5038),(5039,110,7,5038),(5040,95,9,5038),(5041,40,11,5038),(5042,95,13,5038),(5043,55,15,5038),(5044,70,2,5045),(5046,83,7,5045),(5047,50,9,5045),(5048,37,11,5045),(5049,50,13,5045),(5050,60,15,5045),(5051,100,2,5052),(5053,123,7,5052),(5054,75,9,5052),(5055,57,11,5052),(5056,75,13,5052),(5057,80,15,5052),(5058,70,2,5059),(5060,55,7,5059),(5061,75,9,5059),(5062,45,11,5059),(5063,65,13,5059),(5064,60,15,5059),(5065,110,2,5066),(5067,65,7,5066),(5068,105,9,5066),(5069,55,11,5066),(5070,95,13,5066),(5071,80,15,5066),(5072,85,2,5073),(5074,97,7,5073),(5075,66,9,5073),(5076,105,11,5073),(5077,66,13,5073),(5078,65,15,5073),(5079,58,2,5080),(5081,109,7,5080),(5082,112,9,5080),(5083,48,11,5080),(5084,48,13,5080),(5085,109,15,5080),(5086,52,2,5087),(5088,65,7,5087),(5089,50,9,5087),(5090,45,11,5087),(5091,50,13,5087),(5092,38,15,5087),(5093,72,2,5094),(5095,85,7,5094),(5096,70,9,5094),(5097,65,11,5094),(5098,70,13,5094),(5099,58,15,5094),(5100,92,2,5101),(5102,105,7,5101),(5103,90,9,5101),(5104,125,11,5101),(5105,90,13,5101),(5106,98,15,5101),(5107,55,2,5108),(5109,85,7,5108),(5110,55,9,5108),(5111,50,11,5108),(5112,55,13,5108),(5113,60,15,5108),(5114,85,2,5115),(5116,60,7,5115),(5117,65,9,5115),(5118,135,11,5115),(5119,105,13,5115),(5120,100,15,5115),(5121,91,2,5122),(5123,90,7,5122),(5124,129,9,5122),(5125,90,11,5122),(5126,72,13,5122),(5127,108,15,5122),(5128,91,2,5129),(5130,129,7,5129),(5131,90,9,5129),(5132,72,11,5129),(5133,90,13,5129),(5134,108,15,5129),(5135,91,2,5136),(5137,90,7,5136),(5138,72,9,5136),(5139,90,11,5136),(5140,129,13,5136),(5141,108,15,5136),(5142,79,2,5143),(5144,115,7,5143),(5145,70,9,5143),(5146,125,11,5143),(5147,80,13,5143),(5148,111,15,5143),(5149,79,2,5150),(5151,100,7,5150),(5152,80,9,5150),(5153,110,11,5150),(5154,90,13,5150),(5155,121,15,5150),(5156,79,2,5157),(5158,115,7,5157),(5159,70,9,5157),(5160,125,11,5157),(5161,80,13,5157),(5162,111,15,5157),(5163,79,2,5164),(5165,105,7,5164),(5166,70,9,5164),(5167,145,11,5164),(5168,80,13,5164),(5169,101,15,5164),(5170,100,2,5171),(5172,120,7,5171),(5173,100,9,5171),(5174,150,11,5171),(5175,120,13,5171),(5176,90,15,5171),(5177,100,2,5178),(5179,150,7,5178),(5180,120,9,5178),(5181,120,11,5178),(5182,100,13,5178),(5183,90,15,5178),(5184,89,2,5185),(5186,125,7,5185),(5187,90,9,5185),(5188,115,11,5185),(5189,80,13,5185),(5190,101,15,5185),(5191,89,2,5192),(5193,145,7,5192),(5194,90,9,5192),(5195,105,11,5192),(5196,80,13,5192),(5197,91,15,5192),(5198,125,2,5199),(5200,130,7,5199),(5201,90,9,5199),(5202,130,11,5199),(5203,90,13,5199),(5204,95,15,5199),(5205,125,2,5206),(5207,170,7,5206),(5208,100,9,5206),(5209,120,11,5206),(5210,90,13,5206),(5211,95,15,5206),(5212,125,2,5213),(5214,120,7,5213),(5215,90,9,5213),(5216,170,11,5213),(5217,100,13,5213),(5218,95,15,5213),(5219,91,2,5220),(5221,72,7,5220),(5222,90,9,5220),(5223,129,11,5220),(5224,90,13,5220),(5225,108,15,5220),(5226,91,2,5227),(5228,72,7,5227),(5229,90,9,5227),(5230,129,11,5227),(5231,90,13,5227),(5232,108,15,5227),(5233,100,2,5234),(5235,77,7,5234),(5236,77,9,5234),(5237,128,11,5234),(5238,128,13,5234),(5239,90,15,5234),(5240,100,2,5241),(5242,128,7,5241),(5243,90,9,5241),(5244,77,11,5241),(5245,77,13,5241),(5246,128,15,5241),(5247,71,2,5248),(5249,120,7,5248),(5250,95,9,5248),(5251,120,11,5248),(5252,95,13,5248),(5253,99,15,5248),(5254,71,2,5255),(5256,120,7,5255),(5257,95,9,5255),(5258,120,11,5255),(5259,95,13,5255),(5260,99,15,5255),(5261,71,2,5262),(5263,120,7,5262),(5264,95,9,5262),(5265,120,11,5262),(5266,95,13,5262),(5267,99,15,5262),(5268,71,2,5269),(5270,120,7,5269),(5271,95,9,5269),(5272,120,11,5269),(5273,95,13,5269),(5274,99,15,5269),(5275,71,2,5276),(5277,120,7,5276),(5278,95,9,5276),(5279,120,11,5276),(5280,95,13,5276),(5281,99,15,5276),(5282,56,2,5283),(5284,61,7,5283),(5285,65,9,5283),(5286,48,11,5283),(5287,45,13,5283),(5288,38,15,5283),(5289,61,2,5290),(5291,78,7,5290),(5292,95,9,5290),(5293,56,11,5290),(5294,58,13,5290),(5295,57,15,5290),(5296,88,2,5297),(5298,107,7,5297),(5299,122,9,5297),(5300,74,11,5297),(5301,75,13,5297),(5302,64,15,5297),(5303,40,2,5304),(5305,45,7,5304),(5306,40,9,5304),(5307,62,11,5304),(5308,60,13,5304),(5309,60,15,5304),(5310,59,2,5311),(5312,59,7,5311),(5313,58,9,5311),(5314,90,11,5311),(5315,70,13,5311),(5316,73,15,5311),(5317,75,2,5318),(5319,69,7,5318),(5320,72,9,5318),(5321,114,11,5318),(5322,100,13,5318),(5323,104,15,5318),(5324,41,2,5325),(5326,56,7,5325),(5327,40,9,5325),(5328,62,11,5325),(5329,44,13,5325),(5330,71,15,5325),(5331,54,2,5332),(5333,63,7,5332),(5334,52,9,5332),(5335,83,11,5332),(5336,56,13,5332),(5337,97,15,5332),(5338,72,2,5339),(5340,95,7,5339),(5341,67,9,5339),(5342,103,11,5339),(5343,71,13,5339),(5344,122,15,5339),(5345,38,2,5346),(5347,36,7,5346),(5348,38,9,5346),(5349,32,11,5346),(5350,36,13,5346),(5351,57,15,5346),(5352,85,2,5353),(5354,56,7,5353),(5355,77,9,5353),(5356,50,11,5353),(5357,77,13,5353),(5358,78,15,5353),(5359,45,2,5360),(5361,50,7,5360),(5362,43,9,5360),(5363,40,11,5360),(5364,38,13,5360),(5365,62,15,5360),(5366,62,2,5367),(5368,73,7,5367),(5369,55,9,5367),(5370,56,11,5367),(5371,52,13,5367),(5372,84,15,5367),(5373,78,2,5374),(5375,81,7,5374),(5376,71,9,5374),(5377,74,11,5374),(5378,69,13,5374),(5379,126,15,5374),(5380,38,2,5381),(5382,35,7,5381),(5383,40,9,5381),(5384,27,11,5381),(5385,25,13,5381),(5386,35,15,5381),(5387,45,2,5388),(5389,22,7,5388),(5390,60,9,5388),(5391,27,11,5388),(5392,30,13,5388),(5393,29,15,5388),(5394,80,2,5395),(5396,52,7,5395),(5397,50,9,5395),(5398,90,11,5395),(5399,50,13,5395),(5400,89,15,5395),(5401,62,2,5402),(5403,50,7,5402),(5404,58,9,5402),(5405,73,11,5402),(5406,54,13,5402),(5407,72,15,5402),(5408,86,2,5409),(5410,68,7,5409),(5411,72,9,5409),(5412,109,11,5409),(5413,66,13,5409),(5414,106,15,5409),(5415,44,2,5416),(5417,38,7,5416),(5418,39,9,5416),(5419,61,11,5416),(5420,79,13,5416),(5421,42,15,5416),(5422,54,2,5423),(5424,45,7,5423),(5425,47,9,5423),(5426,75,11,5423),(5427,98,13,5423),(5428,52,15,5423),(5429,74,2,5430),(5431,65,7,5430),(5432,67,9,5430),(5433,125,11,5430),(5434,128,13,5430),(5435,92,15,5430),(5436,78,2,5437),(5438,65,7,5437),(5439,68,9,5437),(5440,112,11,5437),(5441,154,13,5437),(5442,75,15,5437),(5443,66,2,5444),(5445,65,7,5444),(5446,48,9,5444),(5447,62,11,5444),(5448,57,13,5444),(5449,52,15,5444),(5450,123,2,5451),(5452,100,7,5451),(5453,62,9,5451),(5454,97,11,5451),(5455,81,13,5451),(5456,68,15,5451),(5457,67,2,5458),(5459,82,7,5458),(5460,62,9,5458),(5461,46,11,5458),(5462,48,13,5458),(5463,43,15,5458),(5464,95,2,5465),(5466,124,7,5465),(5467,78,9,5465),(5468,69,11,5465),(5469,71,13,5465),(5470,58,15,5465),(5471,75,2,5472),(5473,80,7,5472),(5474,60,9,5472),(5475,65,11,5472),(5476,90,13,5472),(5477,102,15,5472),(5478,62,2,5479),(5480,48,7,5479),(5481,54,9,5479),(5482,63,11,5479),(5483,60,13,5479),(5484,68,15,5479),(5485,74,2,5486),(5487,48,7,5486),(5488,76,9,5486),(5489,83,11,5486),(5490,81,13,5486),(5491,104,15,5486),(5492,74,2,5493),(5494,48,7,5493),(5495,76,9,5493),(5496,83,11,5493),(5497,81,13,5493),(5498,104,15,5493),(5499,45,2,5500),(5501,80,7,5500),(5502,100,9,5500),(5503,35,11,5500),(5504,37,13,5500),(5505,28,15,5500),(5506,59,2,5507),(5508,110,7,5507),(5509,150,9,5507),(5510,45,11,5507),(5511,49,13,5507),(5512,35,15,5507),(5513,60,2,5514),(5515,50,7,5514),(5516,150,9,5514),(5517,50,11,5514),(5518,150,13,5514),(5519,60,15,5514),(5520,60,2,5521),(5522,150,7,5521),(5523,50,9,5521),(5524,150,11,5521),(5525,50,13,5521),(5526,60,15,5521),(5527,78,2,5528),(5529,52,7,5528),(5530,60,9,5528),(5531,63,11,5528),(5532,65,13,5528),(5533,23,15,5528),(5534,101,2,5535),(5536,72,7,5535),(5537,72,9,5535),(5538,99,11,5535),(5539,89,13,5535),(5540,29,15,5535),(5541,62,2,5542),(5543,48,7,5542),(5544,66,9,5542),(5545,59,11,5542),(5546,57,13,5542),(5547,49,15,5542),(5548,82,2,5549),(5550,80,7,5549),(5551,86,9,5549),(5552,85,11,5549),(5553,75,13,5549),(5554,72,15,5549),(5555,53,2,5556),(5557,54,7,5556),(5558,53,9,5556),(5559,37,11,5556),(5560,46,13,5556),(5561,45,15,5556),(5562,86,2,5563),(5564,92,7,5563),(5565,88,9,5563),(5566,68,11,5563),(5567,75,13,5563),(5568,73,15,5563),(5569,42,2,5570),(5571,52,7,5570),(5572,67,9,5570),(5573,39,11,5570),(5574,56,13,5570),(5575,50,15,5570),(5576,72,2,5577),(5578,105,7,5577),(5579,115,9,5577),(5580,54,11,5577),(5581,86,13,5577),(5582,68,15,5577),(5583,50,2,5584),(5585,60,7,5584),(5586,60,9,5584),(5587,60,11,5584),(5588,60,13,5584),(5589,30,15,5584),(5590,65,2,5591),(5592,75,7,5591),(5593,90,9,5591),(5594,97,11,5591),(5595,123,13,5591),(5596,44,15,5591),(5597,50,2,5598),(5599,53,7,5598),(5600,62,9,5598),(5601,58,11,5598),(5602,63,13,5598),(5603,44,15,5598),(5604,71,2,5605),(5606,73,7,5605),(5607,88,9,5605),(5608,120,11,5605),(5609,89,13,5605),(5610,59,15,5605),(5611,44,2,5612),(5613,38,7,5612),(5614,33,9,5612),(5615,61,11,5612),(5616,43,13,5612),(5617,70,15,5612),(5618,62,2,5619),(5620,55,7,5619),(5621,52,9,5619),(5622,109,11,5619),(5623,94,13,5619),(5624,109,15,5619),(5625,58,2,5626),(5627,89,7,5626),(5628,77,9,5626),(5629,45,11,5626),(5630,45,13,5626),(5631,48,15,5626),(5632,82,2,5633),(5634,121,7,5633),(5635,119,9,5633),(5636,69,11,5633),(5637,59,13,5633),(5638,71,15,5633),(5639,77,2,5640),(5641,59,7,5640),(5642,50,9,5640),(5643,67,11,5640),(5644,63,13,5640),(5645,46,15,5640),(5646,123,2,5647),(5648,77,7,5647),(5649,72,9,5647),(5650,99,11,5647),(5651,92,13,5647),(5652,58,15,5647),(5653,95,2,5654),(5655,65,7,5654),(5656,65,9,5654),(5657,110,11,5654),(5658,130,13,5654),(5659,60,15,5654),(5660,78,2,5661),(5662,92,7,5661),(5663,75,9,5661),(5664,74,11,5661),(5665,63,13,5661),(5666,118,15,5661),(5667,67,2,5668),(5669,58,7,5668),(5670,57,9,5668),(5671,81,11,5668),(5672,67,13,5668),(5673,101,15,5668),(5674,50,2,5675),(5676,50,7,5675),(5677,150,9,5675),(5678,50,11,5675),(5679,150,13,5675),(5680,50,15,5675),(5681,45,2,5682),(5683,50,7,5682),(5684,35,9,5682),(5685,55,11,5682),(5686,75,13,5682),(5687,40,15,5682),(5688,68,2,5689),(5690,75,7,5689),(5691,53,9,5689),(5692,83,11,5689),(5693,113,13,5689),(5694,60,15,5689),(5695,90,2,5696),(5697,100,7,5696),(5698,70,9,5696),(5699,110,11,5696),(5700,150,13,5696),(5701,80,15,5696),(5702,57,2,5703),(5704,80,7,5703),(5705,91,9,5703),(5706,80,11,5703),(5707,87,13,5703),(5708,75,15,5703),(5709,43,2,5710),(5711,70,7,5710),(5712,48,9,5710),(5713,50,11,5710),(5714,60,13,5710),(5715,38,15,5710),(5716,85,2,5717),(5718,110,7,5717),(5719,76,9,5717),(5720,65,11,5717),(5721,82,13,5717),(5722,56,15,5717),(5723,49,2,5724),(5725,66,7,5724),(5726,70,9,5724),(5727,44,11,5724),(5728,55,13,5724),(5729,51,15,5724),(5730,44,2,5731),(5732,66,7,5731),(5733,70,9,5731),(5734,44,11,5731),(5735,55,13,5731),(5736,56,15,5731),(5737,54,2,5738),(5739,66,7,5738),(5740,70,9,5738),(5741,44,11,5738),(5742,55,13,5738),(5743,46,15,5738),(5744,59,2,5745),(5746,66,7,5745),(5747,70,9,5745),(5748,44,11,5745),(5749,55,13,5745),(5750,41,15,5745),(5751,65,2,5752),(5753,90,7,5752),(5754,122,9,5752),(5755,58,11,5752),(5756,75,13,5752),(5757,84,15,5752),(5758,55,2,5759),(5760,85,7,5759),(5761,122,9,5759),(5762,58,11,5759),(5763,75,13,5759),(5764,99,15,5759),(5765,75,2,5766),(5767,95,7,5766),(5768,122,9,5766),(5769,58,11,5766),(5770,75,13,5766),(5771,69,15,5766),(5772,85,2,5773),(5774,100,7,5773),(5775,122,9,5773),(5776,58,11,5773),(5777,75,13,5773),(5778,54,15,5773),(5779,55,2,5780),(5781,69,7,5780),(5782,85,9,5780),(5783,32,11,5780),(5784,35,13,5780),(5785,28,15,5780),(5786,95,2,5787),(5788,117,7,5787),(5789,184,9,5787),(5790,44,11,5787),(5791,46,13,5787),(5792,28,15,5787),(5793,40,2,5794),(5795,30,7,5794),(5796,35,9,5794),(5797,45,11,5794),(5798,40,13,5794),(5799,55,15,5794),(5800,85,2,5801),(5802,70,7,5801),(5803,80,9,5801),(5804,97,11,5801),(5805,80,13,5801),(5806,123,15,5801),(5807,126,2,5808),(5809,131,7,5808),(5810,95,9,5808),(5811,131,11,5808),(5812,98,13,5808),(5813,99,15,5808),(5814,126,2,5815),(5816,131,7,5815),(5817,95,9,5815),(5818,131,11,5815),(5819,98,13,5815),(5820,99,15,5815),(5821,108,2,5822),(5823,100,7,5822),(5824,121,9,5822),(5825,81,11,5822),(5826,95,13,5822),(5827,95,15,5822),(5828,50,2,5829),(5830,100,7,5829),(5831,150,9,5829),(5832,100,11,5829),(5833,150,13,5829),(5834,50,15,5829),(5835,50,2,5836),(5837,160,7,5836),(5838,110,9,5836),(5839,160,11,5836),(5840,110,13,5836),(5841,110,15,5836),(5842,80,2,5843),(5844,110,7,5843),(5845,60,9,5843),(5846,150,11,5843),(5847,130,13,5843),(5848,70,15,5843),(5849,80,2,5850),(5851,160,7,5850),(5852,60,9,5850),(5853,170,11,5850),(5854,130,13,5850),(5855,80,15,5850),(5856,80,2,5857),(5858,110,7,5857),(5859,120,9,5857),(5860,130,11,5857),(5861,90,13,5857),(5862,70,15,5857),(5863,33,2,5864),(5866,136,7,5864),(5867,0,9,5864),(5868,6,11,5864),(5869,6,13,5864),(5870,29,15,5864),(5871,105,2,5872),(5873,60,7,5872),(5874,90,9,5872),(5875,115,11,5872),(5876,80,13,5872),(5877,85,15,5872),(5878,64,2,5879),(5880,120,7,5879),(5881,100,9,5879),(5882,85,11,5879),(5883,120,13,5879),(5884,81,15,5879),(5885,95,2,5886),(5887,45,7,5886),(5888,83,9,5886),(5889,131,11,5886),(5890,105,13,5886),(5891,76,15,5886),(5892,110,2,5893),(5894,120,7,5893),(5895,99,9,5893),(5896,117,11,5893),(5897,60,13,5893),(5898,94,15,5893),(5899,115,2,5900),(5901,100,7,5900),(5902,60,9,5900),(5903,40,11,5900),(5904,130,13,5900),(5905,55,15,5900),(5906,50,2,5907),(5908,92,7,5907),(5909,130,9,5907),(5910,65,11,5907),(5911,75,13,5907),(5912,118,15,5907),(5913,100,2,5914),(5915,45,7,5914),(5916,80,9,5914),(5917,135,11,5914),(5918,100,13,5914),(5919,95,15,5914),(5920,60,2,5921),(5922,57,7,5921),(5923,119,9,5921),(5924,131,11,5921),(5925,98,13,5921),(5926,100,15,5921),(5927,103,2,5928),(5929,110,7,5928),(5930,90,9,5928),(5931,95,11,5928),(5932,65,13,5928),(5933,97,15,5928),(5934,106,2,5935),(5936,105,7,5935),(5937,65,9,5935),(5938,75,11,5935),(5939,85,13,5935),(5940,104,15,5935),(5941,106,2,5942),(5943,135,7,5942),(5944,75,9,5942),(5945,85,11,5942),(5946,125,13,5942),(5947,114,15,5942),(5948,70,2,5949),(5950,116,7,5949),(5951,70,9,5949),(5952,114,11,5949),(5953,64,13,5949),(5954,121,15,5949),(5955,90,2,5956),(5957,105,7,5956),(5958,90,9,5956),(5959,65,11,5956),(5960,110,13,5956),(5961,65,15,5956),(5962,120,2,5963),(5964,70,7,5963),(5965,105,9,5963),(5966,95,11,5963),(5967,90,13,5963),(5968,60,15,5963),(5969,95,2,5970),(5971,76,7,5970),(5972,109,9,5970),(5973,90,11,5970),(5974,80,13,5970),(5975,105,15,5970),(5976,90,2,5977),(5978,60,7,5977),(5979,65,9,5977),(5980,120,11,5977),(5981,70,13,5977),(5982,130,15,5977),(5983,105,2,5984),(5985,110,7,5984),(5986,95,9,5984),(5987,70,11,5984),(5988,100,13,5984),(5989,75,15,5984),(5990,80,2,5991),(5992,103,7,5991),(5993,85,9,5991),(5994,55,11,5991),(5995,80,13,5991),(5996,110,15,5991),(5997,108,2,5998),(5999,60,7,5998),(6000,118,9,5998),(6001,112,11,5998),(6002,70,13,5998),(6003,80,15,5998),(6004,133,2,6005),(6006,122,7,6005),(6007,72,9,6005),(6008,71,11,6005),(6009,72,13,6005),(6010,95,15,6005),(6011,151,2,6012),(6013,84,7,6012),(6014,73,9,6012),(6015,83,11,6012),(6016,74,13,6012),(6017,105,15,6012),(6018,90,2,6019),(6020,85,7,6019),(6021,80,9,6019),(6022,105,11,6019),(6023,80,13,6019),(6024,110,15,6019);
/*!40000 ALTER TABLE `POKEMON_PODER` ENABLE KEYS */;
UNLOCK TABLES;

--
-- Table structure for table `POKETIPUS`
--

DROP TABLE IF EXISTS `POKETIPUS`;
/*!40101 SET @saved_cs_client     = @@character_set_client */;
/*!40101 SET character_set_client = utf8 */;
CREATE TABLE `POKETIPUS` (
  `POKEMON_ID` bigint(20) NOT NULL,
  `TIPUS_ID` bigint(20) NOT NULL,
  PRIMARY KEY (`POKEMON_ID`,`TIPUS_ID`),
  KEY `FK_POKETIPUS_TIPUS_ID` (`TIPUS_ID`),
  CONSTRAINT `FK_POKETIPUS_POKEMON_ID` FOREIGN KEY (`POKEMON_ID`) REFERENCES `POKEMONS` (`POKEMON_ID`),
  CONSTRAINT `FK_POKETIPUS_TIPUS_ID` FOREIGN KEY (`TIPUS_ID`) REFERENCES `TIPUS` (`TIPUS_ID`)
) ENGINE=InnoDB DEFAULT CHARSET=latin1;
/*!40101 SET character_set_client = @saved_cs_client */;

--
-- Dumping data for table `POKETIPUS`
--

LOCK TABLES `POKETIPUS` WRITE;
/*!40000 ALTER TABLE `POKETIPUS` DISABLE KEYS */;
INSERT INTO `POKETIPUS` VALUES (3,4),(3,5),(17,4),(17,5),(24,4),(24,5),(31,4),(31,5),(38,39),(46,39),(53,39),(53,54),(61,39),(61,62),(69,39),(69,54),(76,77),(84,77),(91,77),(98,77),(105,106),(113,106),(120,54),(120,106),(127,5),(127,106),(134,5),(134,106),(141,5),(141,106),(148,5),(148,106),(155,54),(155,156),(163,54),(163,156),(170,54),(170,156),(177,54),(177,156),(184,156),(191,156),(198,54),(198,156),(205,54),(205,156),(212,5),(219,5),(226,227),(234,227),(241,227),(248,227),(255,227),(262,227),(269,227),(276,227),(283,284),(291,284),(298,5),(305,5),(312,5),(312,284),(319,5),(326,5),(333,5),(333,284),(340,341),(348,341),(355,39),(362,39),(369,156),(369,341),(376,156),(376,341),(383,5),(383,54),(390,5),(390,54),(397,4),(397,5),(404,4),(404,5),(411,4),(411,5),(418,4),(418,106),(425,4),(425,106),(432,5),(432,106),(439,5),(439,106),(446,284),(453,284),(460,156),(467,156),(474,77),(481,77),(488,489),(496,489),(503,39),(510,39),(517,77),(524,77),(531,77),(531,489),(538,539),(546,539),(553,539),(560,539),(567,489),(574,489),(581,489),(588,4),(588,5),(595,4),(595,5),(602,4),(602,5),(609,5),(609,77),(616,5),(616,77),(623,284),(623,624),(631,284),(631,624),(638,284),(638,624),(645,39),(652,39),(659,77),(659,539),(666,77),(666,539),(673,77),(673,539),(680,227),(680,681),(688,227),(688,681),(695,54),(695,156),(702,54),(702,156),(709,54),(709,156),(716,77),(723,77),(723,724),(731,5),(738,5),(745,77),(752,77),(752,724),(759,5),(759,760),(767,5),(767,760),(774,5),(774,760),(781,5),(781,760),(788,284),(788,624),(795,539),(802,539),(809,77),(816,77),(823,227),(830,227),(837,4),(837,539),(844,4),(844,539),(851,284),(858,284),(865,489),(872,489),(879,156),(886,5),(893,5),(900,284),(900,624),(907,284),(907,624),(914,156),(921,4),(928,156),(935,156),(942,77),(949,77),(956,77),(963,77),(970,77),(977,77),(977,539),(984,341),(984,539),(991,54),(991,106),(998,539),(998,724),(1005,227),(1012,39),(1019,106),(1026,54),(1026,106),(1033,156),(1040,77),(1047,54),(1047,77),(1054,77),(1054,1055),(1062,77),(1062,724),(1069,156),(1076,156),(1083,77),(1090,227),(1097,39),(1104,156),(1111,77),(1111,624),(1118,77),(1118,624),(1125,77),(1125,624),(1132,77),(1132,624),(1139,54),(1139,624),(1146,54),(1146,624),(1153,156),(1160,54),(1160,724),(1167,54),(1167,227),(1174,39),(1174,54),(1181,62),(1188,62),(1195,54),(1195,62),(1202,539),(1209,489),(1209,539),(1216,539),(1223,539),(1230,4),(1237,4),(1244,4),(1251,39),(1258,39),(1265,39),(1272,77),(1279,77),(1286,77),(1293,156),(1300,156),(1307,54),(1307,156),(1314,54),(1314,156),(1321,54),(1321,106),(1328,54),(1328,106),(1335,5),(1335,106),(1342,5),(1342,106),(1349,5),(1349,54),(1356,77),(1356,227),(1363,77),(1363,227),(1370,227),(1377,227),(1384,341),(1391,156),(1391,341),(1398,341),(1405,54),(1405,341),(1412,54),(1412,539),(1419,54),(1419,539),(1426,227),(1433,227),(1440,227),(1447,62),(1447,227),(1454,4),(1461,77),(1461,341),(1468,77),(1468,341),(1475,624),(1482,77),(1489,4),(1489,54),(1496,4),(1496,54),(1503,4),(1503,54),(1510,156),(1517,4),(1524,4),(1531,54),(1531,106),(1538,77),(1538,284),(1545,77),(1545,284),(1552,539),(1559,1055),(1566,54),(1566,1055),(1573,77),(1573,539),(1580,760),(1587,539),(1594,539),(1601,156),(1601,539),(1608,106),(1615,106),(1615,681),(1622,156),(1629,54),(1629,284),(1636,284),(1636,681),(1643,284),(1643,681),(1650,341),(1657,341),(1664,5),(1664,77),(1671,106),(1671,681),(1678,106),(1678,681),(1685,106),(1685,624),(1692,106),(1692,489),(1699,106),(1699,489),(1706,724),(1706,1055),(1713,156),(1720,156),(1727,39),(1734,39),(1734,624),(1741,284),(1741,724),(1748,284),(1748,724),(1755,77),(1755,624),(1762,77),(1769,77),(1776,54),(1776,724),(1783,54),(1783,77),(1790,54),(1790,681),(1797,39),(1797,1055),(1804,39),(1804,1055),(1811,39),(1811,1055),(1818,62),(1818,77),(1825,284),(1832,284),(1839,156),(1846,156),(1853,156),(1860,489),(1867,489),(1874,539),(1874,724),(1881,227),(1888,39),(1895,156),(1902,156),(1909,227),(1916,39),(1923,77),(1930,284),(1930,624),(1937,284),(1937,624),(1944,624),(1944,1055),(1951,624),(1951,1055),(1958,54),(1958,539),(1965,39),(1965,54),(1972,4),(1972,539),(1979,4),(1986,4),(1993,4),(2000,4),(2000,62),(2007,39),(2014,39),(2014,489),(2021,39),(2021,489),(2028,39),(2028,489),(2035,77),(2042,77),(2042,284),(2049,77),(2049,284),(2056,77),(2056,284),(2063,1055),(2070,1055),(2077,156),(2084,156),(2091,106),(2098,106),(2105,54),(2105,106),(2112,106),(2119,5),(2119,106),(2126,4),(2126,77),(2133,4),(2133,77),(2140,4),(2140,77),(2147,4),(2154,4),(2154,1055),(2161,4),(2161,1055),(2168,54),(2168,156),(2175,54),(2175,156),(2182,54),(2182,77),(2189,54),(2189,77),(2196,341),(2196,539),(2203,341),(2203,539),(2210,341),(2210,539),(2217,341),(2217,539),(2224,77),(2224,106),(2231,54),(2231,106),(2238,4),(2245,4),(2245,489),(2252,156),(2259,156),(2266,156),(2273,106),(2273,284),(2280,54),(2280,106),(2287,106),(2287,760),(2294,156),(2301,156),(2308,156),(2315,489),(2322,489),(2329,156),(2329,341),(2336,624),(2343,156),(2350,156),(2357,760),(2357,1055),(2364,760),(2364,1055),(2371,341),(2371,681),(2378,341),(2378,681),(2385,624),(2385,681),(2392,624),(2392,681),(2399,624),(2399,681),(2406,681),(2413,489),(2413,539),(2420,489),(2420,539),(2427,489),(2427,539),(2434,227),(2441,227),(2448,227),(2455,227),(2462,227),(2469,106),(2476,106),(2483,4),(2483,5),(2490,5),(2497,5),(2504,77),(2504,1055),(2511,77),(2511,1055),(2518,77),(2518,1055),(2525,77),(2532,77),(2539,39),(2539,284),(2546,39),(2546,284),(2553,39),(2553,284),(2560,39),(2567,539),(2574,539),(2581,156),(2588,284),(2595,62),(2595,284),(2602,62),(2602,284),(2609,4),(2616,4),(2616,1055),(2623,54),(2623,156),(2630,54),(2630,62),(2637,62),(2637,341),(2644,156),(2651,5),(2658,539),(2658,624),(2665,539),(2665,624),(2672,77),(2672,284),(2679,77),(2679,284),(2686,77),(2693,77),(2693,1055),(2700,284),(2700,539),(2707,284),(2707,539),(2714,4),(2714,624),(2721,4),(2721,624),(2728,106),(2728,624),(2735,106),(2735,624),(2742,77),(2749,77),(2756,156),(2763,39),(2770,77),(2777,724),(2784,156),(2791,760),(2798,760),(2805,760),(2812,760),(2819,760),(2826,4),(2826,54),(2833,539),(2840,1055),(2847,1055),(2854,539),(2861,724),(2868,724),(2875,724),(2882,77),(2882,724),(2889,77),(2889,724),(2896,77),(2896,724),(2903,77),(2910,77),(2917,77),(2924,77),(2924,624),(2931,77),(2938,62),(2945,62),(2952,54),(2952,62),(2959,54),(2959,62),(2966,539),(2966,681),(2973,539),(2973,681),(2980,539),(2980,681),(2987,539),(2987,681),(2994,624),(3001,724),(3008,681),(3015,62),(3015,539),(3022,62),(3022,539),(3029,62),(3029,539),(3036,62),(3036,539),(3043,77),(3050,77),(3057,284),(3064,39),(3064,284),(3071,54),(3071,62),(3078,54),(3078,62),(3085,539),(3085,681),(3092,539),(3099,539),(3106,539),(3113,539),(3120,4),(3127,4),(3134,4),(3134,284),(3141,39),(3148,39),(3148,489),(3155,39),(3155,489),(3162,77),(3169,77),(3176,77),(3176,681),(3183,54),(3183,156),(3190,54),(3190,156),(3197,54),(3197,156),(3204,156),(3211,77),(3211,156),(3218,106),(3225,106),(3232,227),(3239,227),(3246,227),(3253,4),(3253,5),(3260,4),(3260,5),(3267,624),(3274,624),(3281,624),(3281,681),(3288,624),(3288,681),(3295,106),(3302,4),(3302,106),(3309,106),(3309,284),(3316,106),(3316,681),(3323,54),(3323,106),(3330,54),(3330,106),(3337,54),(3337,106),(3344,227),(3351,77),(3358,77),(3365,4),(3372,4),(3379,4),(3386,77),(3393,77),(3393,284),(3400,156),(3407,54),(3407,760),(3414,54),(3414,760),(3421,156),(3428,156),(3435,156),(3435,489),(3442,760),(3449,54),(3449,1055),(3456,156),(3463,156),(3470,539),(3477,5),(3477,1055),(3484,5),(3484,1055),(3491,539),(3491,681),(3498,539),(3498,681),(3505,624),(3512,341),(3512,539),(3519,156),(3526,54),(3526,156),(3533,760),(3533,1055),(3540,62),(3540,284),(3547,62),(3547,284),(3554,62),(3554,284),(3561,62),(3561,284),(3568,156),(3575,489),(3582,489),(3582,681),(3589,489),(3589,681),(3596,284),(3603,284),(3610,5),(3610,106),(3617,5),(3617,1055),(3624,5),(3624,489),(3631,5),(3631,489),(3638,4),(3645,77),(3652,77),(3659,54),(3659,77),(3666,4),(3666,724),(3673,4),(3673,724),(3680,4),(3680,724),(3687,724),(3687,1055),(3694,227),(3694,681),(3701,156),(3708,284),(3708,624),(3715,4),(3722,227),(3729,39),(3736,54),(3736,341),(3743,54),(3743,106),(3750,4),(3757,724),(3764,54),(3764,284),(3771,284),(3771,724),(3778,156),(3785,489),(3785,539),(3792,489),(3792,539),(3799,624),(3799,681),(3806,760),(3813,724),(3813,760),(3820,227),(3820,760),(3827,39),(3827,227),(3834,77),(3834,227),(3841,227),(3841,724),(3848,54),(3848,227),(3855,4),(3855,227),(3862,539),(3869,539),(3876,539),(3883,62),(3883,681),(3890,62),(3890,77),(3897,39),(3897,681),(3904,156),(3911,62),(3911,760),(3918,62),(3918,760),(3925,539),(3932,77),(3939,77),(3946,1055),(3953,4),(3960,4),(3960,54),(3967,156),(3974,106),(3981,1055),(3988,62),(3995,227),(4002,341),(4009,489),(4016,39),(4023,54),(4030,760),(4037,4),(4044,284),(4051,724),(4058,5),(4065,539),(4072,624),(4079,681),(4086,77),(4093,39),(4093,539),(4100,4),(4107,4),(4114,4),(4121,39),(4128,39),(4128,489),(4135,39),(4135,489),(4142,77),(4149,77),(4156,77),(4163,156),(4170,156),(4177,156),(4184,156),(4191,156),(4198,1055),(4205,1055),(4212,4),(4219,4),(4226,39),(4233,39),(4240,77),(4247,77),(4254,539),(4261,539),(4268,54),(4268,156),(4275,54),(4275,156),(4282,54),(4282,156),(4289,227),(4296,227),(4303,624),(4310,624),(4317,624),(4324,54),(4324,539),(4331,54),(4331,539),(4338,284),(4345,284),(4345,681),(4352,156),(4359,156),(4359,341),(4366,489),(4373,489),(4380,489),(4387,77),(4394,77),(4394,284),(4401,77),(4401,284),(4408,489),(4415,489),(4422,4),(4422,106),(4429,4),(4429,106),(4436,4),(4436,106),(4443,5),(4443,106),(4450,5),(4450,106),(4457,5),(4457,106),(4464,4),(4464,341),(4471,4),(4471,341),(4478,4),(4485,4),(4492,77),(4499,77),(4506,284),(4506,1055),(4513,284),(4513,1055),(4520,284),(4520,1055),(4527,39),(4534,39),(4541,39),(4541,539),(4548,4),(4555,106),(4555,624),(4562,106),(4562,624),(4569,489),(4569,1055),(4576,489),(4576,1055),(4583,54),(4583,539),(4590,760),(4597,760),(4604,77),(4604,624),(4611,77),(4611,624),(4618,54),(4618,624),(4625,54),(4625,624),(4632,5),(4639,5),(4646,1055),(4653,1055),(4660,156),(4667,156),(4674,539),(4681,539),(4688,539),(4695,539),(4702,539),(4709,539),(4716,54),(4716,77),(4723,54),(4723,77),(4730,724),(4737,724),(4744,724),(4751,4),(4751,156),(4758,4),(4758,156),(4765,54),(4765,227),(4772,106),(4779,106),(4779,681),(4786,4),(4786,5),(4793,4),(4793,5),(4800,77),(4800,760),(4807,77),(4807,760),(4814,77),(4821,106),(4821,227),(4828,106),(4828,227),(4835,4),(4835,681),(4842,4),(4842,681),(4849,681),(4856,681),(4863,681),(4870,227),(4877,227),(4884,227),(4891,539),(4898,539),(4905,39),(4905,760),(4912,39),(4912,760),(4919,39),(4919,760),(4926,62),(4933,62),(4940,62),(4947,724),(4954,724),(4961,724),(4968,106),(4975,106),(4982,227),(4982,284),(4989,489),(4996,489),(5003,62),(5010,284),(5010,760),(5017,284),(5017,760),(5024,681),(5024,1055),(5031,681),(5031,1055),(5038,156),(5045,54),(5045,156),(5052,54),(5052,156),(5059,54),(5059,1055),(5066,54),(5066,1055),(5073,39),(5080,106),(5080,681),(5087,62),(5087,1055),(5094,62),(5094,1055),(5101,62),(5101,1055),(5108,39),(5108,106),(5115,39),(5115,106),(5122,489),(5122,681),(5129,489),(5129,624),(5136,4),(5136,489),(5143,54),(5150,54),(5157,54),(5157,227),(5164,54),(5164,227),(5171,39),(5171,62),(5178,62),(5178,227),(5185,54),(5185,284),(5192,54),(5192,284),(5199,62),(5199,724),(5206,62),(5206,724),(5213,62),(5213,724),(5220,77),(5220,489),(5227,77),(5227,489),(5234,156),(5234,539),(5241,156),(5241,489),(5248,106),(5248,681),(5255,106),(5255,681),(5262,106),(5262,681),(5269,106),(5269,681),(5276,106),(5276,681),(5283,4),(5290,4),(5297,4),(5297,489),(5304,39),(5311,39),(5318,39),(5318,539),(5325,77),(5332,77),(5339,77),(5339,1055),(5346,156),(5353,156),(5353,284),(5360,54),(5360,156),(5367,39),(5367,54),(5374,39),(5374,54),(5381,106),(5388,106),(5395,54),(5395,106),(5402,39),(5402,156),(5409,39),(5409,156),(5416,341),(5423,341),(5430,341),(5437,341),(5444,4),(5451,4),(5458,489),(5465,489),(5465,1055),(5472,156),(5479,539),(5486,539),(5493,539),(5500,681),(5500,760),(5507,681),(5507,760),(5514,681),(5514,760),(5521,681),(5521,760),(5528,341),(5535,341),(5542,341),(5549,341),(5556,539),(5556,1055),(5563,539),(5563,1055),(5570,77),(5570,624),(5577,77),(5577,624),(5584,5),(5584,77),(5591,5),(5591,62),(5598,77),(5605,77),(5612,156),(5612,227),(5619,156),(5619,227),(5626,62),(5626,624),(5633,62),(5633,624),(5640,624),(5640,724),(5647,624),(5647,724),(5654,341),(5661,54),(5661,489),(5668,227),(5668,341),(5675,341),(5675,624),(5682,62),(5689,62),(5696,62),(5703,341),(5703,681),(5710,4),(5710,760),(5717,4),(5717,760),(5724,4),(5724,760),(5731,4),(5731,760),(5738,4),(5738,760),(5745,4),(5745,760),(5752,4),(5752,760),(5759,4),(5759,760),(5766,4),(5766,760),(5773,4),(5773,760),(5780,724),(5787,724),(5794,54),(5794,62),(5801,54),(5801,62),(5808,341),(5815,54),(5815,1055),(5822,62),(5822,284),(5829,341),(5829,624),(5836,341),(5836,624),(5843,539),(5843,760),(5850,539),(5850,1055),(5857,39),(5857,77),(5864,156),(5864,5865),(5872,54),(5872,489),(5879,4),(5879,760),(5886,5),(5886,39),(5893,106),(5893,539),(5900,4),(5900,1055),(5907,54),(5907,681),(5914,39),(5914,77),(5921,5),(5921,227),(5928,77),(5928,681),(5935,5),(5935,624),(5942,5),(5942,624),(5949,106),(5949,724),(5956,489),(5956,760),(5963,4),(5963,39),(5970,5),(5970,284),(5977,624),(5984,77),(5984,489),(5991,681),(5991,760),(5998,62),(5998,227),(6005,284),(6005,1055),(6012,77),(6012,227),(6019,489),(6019,1055);
/*!40000 ALTER TABLE `POKETIPUS` ENABLE KEYS */;
UNLOCK TABLES;

--
-- Table structure for table `SEQUENCE`
--

DROP TABLE IF EXISTS `SEQUENCE`;
/*!40101 SET @saved_cs_client     = @@character_set_client */;
/*!40101 SET character_set_client = utf8 */;
CREATE TABLE `SEQUENCE` (
  `SEQ_NAME` varchar(50) NOT NULL,
  `SEQ_COUNT` decimal(38,0) DEFAULT NULL,
  PRIMARY KEY (`SEQ_NAME`)
) ENGINE=InnoDB DEFAULT CHARSET=latin1;
/*!40101 SET character_set_client = @saved_cs_client */;

--
-- Dumping data for table `SEQUENCE`
--

LOCK TABLES `SEQUENCE` WRITE;
/*!40000 ALTER TABLE `SEQUENCE` DISABLE KEYS */;
INSERT INTO `SEQUENCE` VALUES ('SEQ_GEN',6150);
/*!40000 ALTER TABLE `SEQUENCE` ENABLE KEYS */;
UNLOCK TABLES;

--
-- Table structure for table `TIPUS`
--

DROP TABLE IF EXISTS `TIPUS`;
/*!40101 SET @saved_cs_client     = @@character_set_client */;
/*!40101 SET character_set_client = utf8 */;
CREATE TABLE `TIPUS` (
  `TIPUS_ID` bigint(20) NOT NULL,
  `NOM` varchar(255) DEFAULT NULL,
  PRIMARY KEY (`TIPUS_ID`)
) ENGINE=InnoDB DEFAULT CHARSET=latin1;
/*!40101 SET character_set_client = @saved_cs_client */;

--
-- Dumping data for table `TIPUS`
--

LOCK TABLES `TIPUS` WRITE;
/*!40000 ALTER TABLE `TIPUS` DISABLE KEYS */;
INSERT INTO `TIPUS` VALUES (4,'Grass'),(5,'Poison'),(39,'Fire'),(54,'Flying'),(62,'Dragon'),(77,'Water'),(106,'Bug'),(156,'Normal'),(227,'Electric'),(284,'Ground'),(341,'Fairy'),(489,'Fighting'),(539,'Psychic'),(624,'Rock'),(681,'Steel'),(724,'Ice'),(760,'Ghost'),(1055,'Dark'),(5865,'Bird');
/*!40000 ALTER TABLE `TIPUS` ENABLE KEYS */;
UNLOCK TABLES;

--
-- Table structure for table `TIPUS_ATAC`
--

DROP TABLE IF EXISTS `TIPUS_ATAC`;
/*!40101 SET @saved_cs_client     = @@character_set_client */;
/*!40101 SET character_set_client = utf8 */;
CREATE TABLE `TIPUS_ATAC` (
  `ID` bigint(20) NOT NULL,
  `EFECTE` double DEFAULT NULL,
  `TIPUS_ATACANT_ID` bigint(20) DEFAULT NULL,
  `TIPUS_ATACAT_ID` bigint(20) DEFAULT NULL,
  PRIMARY KEY (`ID`),
  KEY `TIPUS_ATACANT_ID` (`TIPUS_ATACANT_ID`),
  KEY `TIPUS_ATACAT_ID` (`TIPUS_ATACAT_ID`),
  CONSTRAINT `TIPUS_ATAC_ibfk_1` FOREIGN KEY (`TIPUS_ATACANT_ID`) REFERENCES `TIPUS` (`TIPUS_ID`),
  CONSTRAINT `TIPUS_ATAC_ibfk_2` FOREIGN KEY (`TIPUS_ATACAT_ID`) REFERENCES `TIPUS` (`TIPUS_ID`)
) ENGINE=InnoDB DEFAULT CHARSET=latin1;
/*!40101 SET character_set_client = @saved_cs_client */;

--
-- Dumping data for table `TIPUS_ATAC`
--

LOCK TABLES `TIPUS_ATAC` WRITE;
/*!40000 ALTER TABLE `TIPUS_ATAC` DISABLE KEYS */;
INSERT INTO `TIPUS_ATAC` VALUES (6025,0.5,681,681),(6026,0.5,681,77),(6027,0.5,681,227),(6028,0.5,681,39),(6029,2,681,341),(6030,2,681,724),(6031,2,681,624),(6032,0.5,77,77),(6033,0.5,77,62),(6034,2,77,39),(6035,0.5,77,4),(6036,2,77,624),(6037,2,77,284),(6038,0.5,106,681),(6039,0.5,106,760),(6040,0.5,106,39),(6041,0.5,106,341),(6042,2,106,489),(6043,2,106,4),(6044,2,106,539),(6045,2,106,1055),(6046,0.5,106,5),(6047,0.5,106,54),(6048,0.5,62,681),(6049,2,62,62),(6050,0,62,341),(6051,2,227,77),(6052,0.5,227,62),(6053,0.5,227,227),(6054,0.5,227,4),(6055,0,227,284),(6056,2,227,54),(6057,2,760,760),(6058,0,760,156),(6059,2,760,539),(6060,0.5,760,1055),(6061,2,39,681),(6062,0.5,39,77),(6063,2,39,106),(6064,0.5,39,62),(6065,0.5,39,39),(6066,2,39,724),(6067,2,39,4),(6068,0.5,39,624),(6069,0.5,341,681),(6070,2,341,62),(6071,0.5,341,39),(6072,2,341,489),(6073,2,341,1055),(6074,0.5,341,5),(6075,0.5,724,681),(6076,0.5,724,77),(6077,2,724,62),(6078,0.5,724,39),(6079,2,724,724),(6080,2,724,4),(6081,2,724,284),(6082,2,724,54),(6083,2,489,681),(6084,0.5,489,106),(6085,0,489,760),(6086,0.5,489,341),(6087,2,489,724),(6088,2,489,156),(6089,0.5,489,539),(6090,2,489,624),(6091,2,489,1055),(6092,0.5,489,5),(6093,0.5,489,54),(6094,0.5,156,681),(6095,0,156,760),(6096,0.5,156,624),(6097,0.5,4,681),(6098,2,4,77),(6099,0.5,4,106),(6100,0.5,4,62),(6101,0.5,4,39),(6102,0.5,4,4),(6103,2,4,624),(6104,2,4,284),(6105,0.5,4,5),(6106,0.5,4,54),(6107,0.5,539,681),(6108,2,539,489),(6109,0.5,539,539),(6110,0,539,1055),(6111,2,539,5),(6112,0.5,624,681),(6113,2,624,106),(6114,2,624,39),(6115,2,624,724),(6116,0.5,624,489),(6117,0.5,624,284),(6118,2,624,54),(6119,2,1055,760),(6120,0.5,1055,341),(6121,0.5,1055,489),(6122,2,1055,539),(6123,0.5,1055,1055),(6124,2,284,681),(6125,0.5,284,106),(6126,2,284,227),(6127,2,284,39),(6128,0.5,284,4),(6129,2,284,624),(6130,2,284,5),(6131,0,284,54),(6132,0,5,681),(6133,0.5,5,760),(6134,2,5,341),(6135,2,5,4),(6136,0.5,5,624),(6137,0.5,5,284),(6138,0.5,5,5),(6139,0.5,54,681),(6140,2,54,106),(6141,0.5,54,227),(6142,2,54,489),(6143,2,54,4),(6144,0.5,54,624);
/*!40000 ALTER TABLE `TIPUS_ATAC` ENABLE KEYS */;
UNLOCK TABLES;
/*!40103 SET TIME_ZONE=@OLD_TIME_ZONE */;

/*!40101 SET SQL_MODE=@OLD_SQL_MODE */;
/*!40014 SET FOREIGN_KEY_CHECKS=@OLD_FOREIGN_KEY_CHECKS */;
/*!40014 SET UNIQUE_CHECKS=@OLD_UNIQUE_CHECKS */;
/*!40101 SET CHARACTER_SET_CLIENT=@OLD_CHARACTER_SET_CLIENT */;
/*!40101 SET CHARACTER_SET_RESULTS=@OLD_CHARACTER_SET_RESULTS */;
/*!40101 SET COLLATION_CONNECTION=@OLD_COLLATION_CONNECTION */;
/*!40111 SET SQL_NOTES=@OLD_SQL_NOTES */;

-- Dump completed on 2016-04-30 15:12:11
